brand_name,model,price,has_5g,has_nfc,has_ir_blaster,processor_brand,num_cores,processor_speed,battery_capacity,fast_charging_available,fast_charging,ram_capacity,internal_memory,screen_size,refresh_rate,num_rear_cameras,num_front_cameras,os,primary_camera_rear,primary_camera_front
oneplus,OnePlus 11 5G,54999,YES,YES,NO,snapdragon,8,3.2,5000,,100,12,256,6.7,120,3,1,android,50,16
oneplus,OnePlus Nord CE 2 Lite 5G,19989,YES,NO,NO,snapdragon,8,2.2,5000,1,33,6,128,6.59,120,3,1,android,64,16
samsung,Samsung Galaxy A14 5G,16499,YES,NO,NO,exynos,8,2.4,5000,1,15,4,64,6.6,90,3,1,android,50,13
motorola,Motorola Moto G62 5G,14999,YES,NO,NO,snapdragon,8,2.2,5000,1,,6,128,6.55,120,3,1,android,50,16
realme,Realme 10 Pro Plus,24999,YES,NO,NO,dimensity,8,2.6,5000,1,67,6,128,6.7,120,3,1,android,108,16
samsung,Samsung Galaxy F23 5G (6GB RAM + 128GB),16999,YES,YES,NO,snapdragon,8,2.2,5000,1,25,6,128,6.6,120,3,1,android,50,8
apple,Apple iPhone 14,65999,YES,YES,NO,bionic,6,3.22,3279,1,,6,128,6.1,60,2,1,ios,12,12
xiaomi,Xiaomi Redmi Note 12 Pro Plus,29999,YES,NO,YES,dimensity,8,2.6,4980,1,120,8,256,6.67,120,3,1,android,200,16
nothing,Nothing Phone 1,26749,YES,YES,NO,snapdragon,8,2.5,4500,1,33,8,128,6.55,120,2,1,android,50,16
oneplus,OnePlus Nord 2T 5G,28999,YES,YES,NO,dimensity,8,3,4500,1,80,8,128,6.43,90,3,1,android,50,32
realme,Realme 10 Pro,18999,YES,NO,NO,snapdragon,8,2.2,5000,1,33,6,128,6.72,120,2,1,android,108,16
oppo,Oppo A78,18999,YES,YES,NO,dimensity,8,2.2,5000,1,33,8,128,6.56,90,2,1,android,50,8
xiaomi,Xiaomi Redmi Note 12 Pro 5G,24762,YES,NO,YES,dimensity,8,2.6,5000,1,67,6,128,6.67,120,3,1,android,50,16
vivo,Vivo T1 5G (6GB RAM + 128GB),16990,YES,NO,NO,snapdragon,8,2.2,5000,1,18,6,128,6.58,120,3,1,android,50,16
samsung,Samsung Galaxy S23 Ultra 5G,114990,YES,YES,NO,snapdragon,8,3.2,5000,1,45,8,256,6.8,120,4,1,android,200,12
apple,Apple iPhone 13,62999,YES,YES,NO,bionic,6,3.22,3240,1,,4,128,6.1,60,2,1,ios,12,12
vivo,Vivo Y16,9999,NO,NO,NO,helio,8,2.3,5000,1,10,3,32,6.51,60,2,1,android,13,5
oppo,OPPO Reno 9 Pro Plus,45999,YES,YES,NO,snapdragon,8,3.2,4700,1,80,16,256,6.7,120,3,1,android,50,32
oneplus,OnePlus 10R 5G,32999,YES,YES,NO,dimensity,8,2.85,5000,1,80,8,128,6.7,120,3,1,android,50,16
vivo,Vivo Y22,14499,NO,NO,NO,helio,8,2,5000,1,18,4,64,6.55,60,2,1,android,50,8
oneplus,OnePlus 11R,39999,YES,YES,NO,snapdragon,8,3.2,5000,1,100,8,128,6.7,120,3,1,android,50,16
vivo,Vivo V25 Pro 5G,35999,YES,NO,NO,dimensity,8,3,4830,1,66,8,128,6.56,120,3,1,android,64,32
poco,Poco X4 Pro 5G,14999,YES,NO,YES,snapdragon,8,2.2,5000,1,67,6,64,6.67,120,3,1,android,64,16
xiaomi,Xiaomi Redmi Note 12,17859,YES,NO,YES,snapdragon,8,2,5000,1,33,4,128,6.67,120,3,1,android,48,13
vivo,Vivo V26 Pro,42990,YES,YES,NO,dimensity,8,3.2,4800,1,100,12,256,6.7,120,3,1,android,64,32
samsung,Samsung Galaxy S20 FE 5G,31239,YES,YES,NO,snapdragon,8,2.84,4500,1,,8,128,6.5,120,3,1,android,12,32
oneplus,OnePlus Nord CE 2 Lite 5G (8GB RAM + 128GB),21995,YES,NO,NO,snapdragon,8,2.2,5000,1,33,8,128,6.59,120,3,1,android,64,16
apple,Apple iPhone 14 Pro Max,129990,YES,YES,NO,bionic,6,,4323,1,,6,128,6.7,120,3,1,ios,48,12
vivo,Vivo V25 5G,27999,YES,NO,NO,dimensity,8,2,4500,1,44,8,128,6.44,90,3,1,android,64,50
oneplus,OnePlus 11 Pro,69999,YES,YES,NO,snapdragon,8,3.2,4500,1,100,8,128,6.7,120,3,1,android,50,16
realme,Realme 10 Pro (8GB RAM + 128GB),19999,YES,NO,NO,snapdragon,8,2.2,5000,1,33,8,128,6.72,120,2,1,android,108,16
poco,Poco X5 Pro,20999,YES,YES,YES,snapdragon,8,2.4,5000,1,67,6,128,6.67,120,3,1,android,108,16
vivo,Vivo V27,27990,YES,NO,NO,dimensity,8,2.2,4700,1,67,8,256,6.56,120,3,1,android,64,50
apple,Apple iPhone 11,38999,NO,YES,NO,bionic,6,2.65,3110,0,,4,64,6.1,60,2,1,ios,12,12
samsung,Samsung Galaxy M53 5G,23790,YES,NO,NO,dimensity,8,2.4,5000,1,25,6,128,6.7,120,4,1,android,108,32
samsung,Samsung Galaxy S21 FE 5G,39999,YES,YES,NO,exynos,8,2.9,4500,1,25,8,128,6.4,120,3,1,android,12,32
oppo,Oppo Reno 8T,29990,YES,YES,NO,snapdragon,8,2.2,5000,1,66,8,256,6.67,120,3,1,android,108,16
samsung,Samsung Galaxy S22 Ultra 5G,91999,YES,YES,NO,snapdragon,8,3,5000,1,45,12,256,6.8,120,4,1,android,108,40
xiaomi,Xiaomi Redmi Note 12 Pro Max 5G,32999,YES,NO,YES,snapdragon,8,2.36,5200,1,210,6,128,6.67,120,4,1,android,108,32
oppo,OPPO Reno 9 5G,28499,YES,YES,NO,snapdragon,8,2.4,4500,1,67,8,256,6.7,120,2,1,android,64,32
oneplus,OnePlus Nord CE 3 5G,21999,YES,YES,NO,snapdragon,8,2.2,5000,1,67,6,128,6.7,120,3,1,android,108,16
xiaomi,Xiaomi Redmi Note 11 Pro Plus 5G,19999,YES,NO,YES,snapdragon,8,2.2,5000,1,67,6,128,6.67,120,3,1,android,108,16
motorola,Motorola Edge 20 Fusion 5G,18999,YES,YES,NO,dimensity,8,2.4,5000,1,30,6,128,6.67,90,3,1,android,108,32
realme,Realme 10 Pro Plus (8GB RAM + 256GB),27999,YES,NO,NO,dimensity,8,2.6,5000,1,67,8,256,6.7,120,3,1,android,108,16
vivo,Vivo Y35,18499,NO,NO,NO,snapdragon,8,2.4,5000,1,44,8,128,6.58,90,3,1,android,50,16
samsung,Samsung Galaxy M33 5G,17478,YES,YES,NO,exynos,8,2.4,6000,1,25,6,128,6.6,120,4,1,android,50,8
xiaomi,Xiaomi Redmi Note 11,11936,NO,NO,YES,snapdragon,8,2.4,5000,1,33,4,64,6.43,90,4,1,android,50,13
realme,Realme C33,8950,NO,NO,NO,unisoc,8,1.8,5000,0,,3,32,6.5,60,2,1,android,50,5
vivo,Vivo Y16 (4GB RAM + 64GB),12489,NO,NO,NO,helio,8,2.3,5000,1,10,4,64,6.51,60,2,1,android,13,5
samsung,Samsung Galaxy A74 5G,42999,YES,YES,NO,snapdragon,8,2.36,5000,1,33,8,128,6.7,120,4,1,android,108,32
samsung,Samsung Galaxy A14 5G (6GB RAM + 128GB),18999,YES,NO,NO,exynos,8,2.4,5000,1,15,6,128,6.6,90,3,1,android,50,13
iqoo,iQOO Neo 7 5G,29999,YES,YES,YES,dimensity,8,3.1,5000,1,120,8,128,6.78,120,3,1,android,64,16
jio,Jio JioPhone 5G,11990,YES,NO,NO,snapdragon,8,2.2,5000,1,18,4,32,6.5,90,1,1,android,13,8
motorola,Motorola Moto G82 5G,18999,YES,YES,NO,snapdragon,8,2.2,5000,1,30,6,128,6.6,120,3,1,android,50,16
realme,Realme 10,13999,NO,NO,NO,helio,8,2.2,5000,1,33,4,64,6.4,90,2,1,android,50,16
realme,Realme 9i 5G,14965,YES,NO,NO,dimensity,8,2.4,5000,1,18,4,64,6.6,90,3,1,android,50,8
apple,Apple iPhone 14 Plus,74999,YES,YES,NO,bionic,6,3.22,4325,1,,6,128,6.7,60,2,1,ios,12,12
xiaomi,Xiaomi Redmi Note 10S,10999,NO,NO,YES,helio,8,2.05,5000,1,33,6,64,6.43,60,4,1,android,64,13
samsung,Samsung Galaxy S23 Plus,84990,YES,YES,NO,snapdragon,8,3.2,4700,1,45,8,256,6.6,120,3,1,android,50,12
motorola,Motorola Moto G32,10499,NO,NO,NO,snapdragon,8,2.4,5000,1,33,4,64,6.55,90,3,1,android,50,16
xiaomi,Xiaomi Redmi Note 13 Pro 5G,17990,YES,YES,YES,dimensity,8,2,5000,1,67,6,128,6.67,120,3,1,android,108,16
vivo,Vivo S16,29990,YES,YES,NO,snapdragon,8,3.2,4600,1,66,8,128,6.78,120,3,1,android,64,50
samsung,Samsung Galaxy A23,18499,NO,NO,NO,snapdragon,8,2.4,5000,1,25,6,128,6.6,60,4,1,android,50,8
vivo,Vivo Y22 (6GB RAM + 128GB),16499,NO,NO,NO,helio,8,2,5000,1,18,6,128,6.55,60,2,1,android,50,8
poco,Poco M4 Pro 5G (6GB RAM + 128GB),14999,YES,NO,YES,dimensity,8,2.4,5000,1,33,6,128,6.6,90,2,1,android,50,16
vivo,Vivo S16 Pro,35499,YES,YES,NO,dimensity,8,3.1,4600,1,66,8,256,6.78,120,3,1,android,50,50
oneplus,OnePlus 10 Pro 5G,60999,YES,YES,NO,snapdragon,8,3,5000,1,80,8,128,6.7,120,3,1,android,50,32
xiaomi,Xiaomi Redmi Note 12 Pro Plus (12GB RAM + 256GB),32999,YES,NO,YES,dimensity,8,2.6,4980,1,120,12,256,6.67,120,3,1,android,200,16
samsung,Samsung Galaxy F23 5G,15999,YES,YES,NO,snapdragon,8,2.2,5000,1,25,4,128,6.6,120,3,1,android,50,8
oppo,Oppo Find N Fold,99990,YES,YES,NO,snapdragon,8,3.2,5000,1,67,8,256,7.1,120,2,,other,50,
oppo,OPPO A17K,9499,NO,NO,NO,helio,8,2.3,5000,0,,3,64,6.56,60,1,1,android,8,5
vivo,Vivo V23 5G (12GB RAM + 256GB),27994,YES,NO,NO,dimensity,8,2.5,4200,1,44,12,256,6.44,90,3,2,android,64,50
iqoo,iQOO Z6 Lite 5G,13989,YES,NO,NO,snapdragon,8,2,5000,1,18,4,64,6.58,120,2,1,android,50,8
oneplus,OnePlus 10T,44999,YES,YES,NO,snapdragon,8,3.2,4800,1,150,8,128,6.7,120,3,1,android,50,16
xiaomi,Xiaomi Redmi Note 10T 5G (6GB RAM +128GB),13999,YES,NO,YES,dimensity,8,2.2,5000,1,18,6,128,6.5,90,3,1,android,48,8
gionee,Gionee G13 Pro,6190,NO,NO,NO,tiger,4,2,3500,0,,4,32,6.26,60,2,1,other,13,5
apple,Apple iPhone 13 Pro,119900,YES,YES,NO,bionic,6,3.22,3095,1,,6,128,6.1,120,3,1,ios,12,12
oppo,OPPO F22 Pro,27660,YES,NO,NO,snapdragon,8,2.2,4800,1,67,8,128,6.58,120,3,1,android,64,32
samsung,Samsung Galaxy A34 5G,24999,YES,YES,NO,exynos,8,,5000,1,33,6,128,6.5,90,4,1,android,48,13
xiaomi,Xiaomi Redmi 10A (4GB RAM + 64GB),8388,NO,NO,NO,helio,8,2,5000,0,,4,64,6.53,60,1,1,android,13,5
motorola,Motorola Moto G72 4G,15999,NO,YES,NO,helio,8,2.2,5000,1,33,6,128,6.55,120,3,1,android,108,16
samsung,Samsung Galaxy A14 5G (8GB RAM + 128GB),20999,YES,NO,NO,exynos,8,2.4,5000,1,15,8,128,6.6,90,3,1,android,50,13
realme,Realme 9 5G,13999,YES,NO,NO,dimensity,8,2.4,5000,1,18,4,64,6.5,90,3,1,android,48,16
vivo,Vivo T1 5G (8GB RAM + 128GB),19990,YES,NO,NO,snapdragon,8,2.2,5000,1,18,8,128,6.58,120,3,1,android,50,16
samsung,Samsung Galaxy M13 5G,13999,YES,NO,NO,dimensity,8,2.2,5000,1,15,6,128,6.5,90,2,1,android,50,5
motorola,Motorola Edge 30 5G,22999,YES,YES,NO,snapdragon,8,2.5,4020,1,33,6,128,6.5,144,3,1,android,50,32
samsung,Samsung Galaxy A23 5G,22999,YES,NO,NO,snapdragon,8,2.2,5000,1,25,6,128,6.6,120,4,1,android,50,8
oppo,OPPO K10 5G,16999,YES,NO,NO,dimensity,8,2.4,5000,1,33,8,128,6.56,90,2,1,android,48,8
xiaomi,Xiaomi Redmi Note 11 (6GB RAM + 128GB),14290,NO,NO,YES,snapdragon,8,2.4,5000,1,33,6,128,6.43,90,4,1,android,50,13
samsung,Samsung Galaxy A73 5G,41999,YES,YES,NO,snapdragon,8,2.4,5000,1,25,8,128,6.7,120,4,1,android,108,32
vivo,Vivo Y21 2021,13489,NO,NO,NO,helio,8,2.3,5000,1,18,4,64,6.51,60,2,1,android,13,8
oneplus,OnePlus Ace Racing Edition 5G,22990,YES,YES,NO,dimensity,8,2.85,5000,1,,8,128,6.59,120,3,1,android,64,16
motorola,Motorola Moto G62 (8GB RAM + 128GB),16499,YES,NO,NO,snapdragon,8,2.2,5000,1,,8,128,6.55,120,3,1,android,50,16
vivo,Vivo X90 Pro Plus 5G,73999,YES,YES,YES,snapdragon,8,3.2,4700,1,80,12,256,6.78,120,4,1,android,50.3,32
realme,Realme C33 (4GB RAM + 64GB),9999,NO,NO,NO,unisoc,8,1.8,5000,0,,4,64,6.5,60,2,1,android,50,5
realme,Realme 9i,12499,NO,NO,NO,snapdragon,8,2.4,5000,1,33,4,64,6.6,90,3,1,android,50,16
oppo,OPPO A17,12499,NO,NO,NO,helio,8,2.3,5000,1,,4,64,6.56,60,2,1,android,50,5
iqoo,iQOO 11 5G,59999,YES,YES,NO,snapdragon,8,3.2,5000,1,120,8,256,6.78,144,3,1,android,50,16
vivo,Vivo X Fold 5G,106990,YES,YES,NO,snapdragon,8,3,4600,1,66,12,256,8.03,120,4,1,android,50,16
vivo,Vivo T1 5G,15990,YES,NO,NO,snapdragon,8,2.2,5000,1,18,4,128,6.58,120,3,1,android,50,16
apple,Apple iPhone 14 Pro,119990,YES,YES,NO,bionic,6,,3200,1,,6,128,6.1,120,3,1,ios,48,12
xiaomi,Xiaomi Redmi Note 11 Pro Max 5G,19999,YES,NO,YES,snapdragon,8,2.4,5200,1,33,6,128,6.67,120,4,1,android,108,32
motorola,Motorola Moto S30 Pro,23990,YES,NO,NO,snapdragon,8,2.9,4400,1,68,8,128,6.55,144,3,1,android,50,32
realme,Realme 10s,12999,YES,NO,NO,dimensity,8,2.4,5000,1,33,8,128,6.6,90,2,1,android,50,8
oppo,OPPO F19 Pro Plus 5G,19990,YES,NO,NO,dimensity,8,2.4,4310,1,50,8,128,6.43,60,4,1,android,48,16
xiaomi,Xiaomi 13 Pro 5G,58990,YES,YES,YES,snapdragon,8,3.2,4820,1,120,8,128,6.73,120,3,1,android,50.3,32
vivo,Vivo V27 Pro,43999,YES,NO,NO,dimensity,8,3.2,5000,1,120,12,256,6.73,144,3,1,android,108,32
samsung,Samsung Galaxy S22 5G,49999,YES,YES,NO,snapdragon,8,3,3700,1,25,8,128,6.1,120,3,1,android,50,10
vivo,Vivo T1 44W (6GB RAM + 128GB),15999,NO,NO,NO,snapdragon,8,2.4,5000,1,44,6,128,6.44,60,3,1,android,50,16
oneplus,OnePlus 10R 5G (12GB RAM + 256GB),36999,YES,YES,NO,dimensity,8,2.85,5000,1,80,12,256,6.7,120,3,1,android,50,16
tecno,Tecno Phantom X2,39999,YES,YES,NO,dimensity,8,3.05,5160,1,45,8,256,6.8,120,3,1,android,64,32
apple,Apple iPhone 12,51999,YES,YES,NO,bionic,6,3.1,,0,,4,64,6.1,60,2,1,ios,12,12
xiaomi,Xiaomi Redmi K50i 5G,22999,YES,NO,YES,dimensity,8,2.85,5080,1,67,6,128,6.6,144,3,1,android,64,16
samsung,Samsung Galaxy A53 5G,31999,YES,YES,NO,exynos,8,2.4,5000,1,25,6,128,6.5,120,4,1,android,64,32
xiaomi,Xiaomi Redmi A1,6171,NO,NO,NO,helio,4,2,5000,1,10,2,32,6.52,60,2,1,android,8,5
oppo,OPPO Reno8 5G,29340,YES,YES,NO,dimensity,8,3,4500,1,80,8,128,6.43,90,3,1,android,50,32
samsung,Samsung Galaxy M53 5G (8GB RAM + 128GB),25289,YES,NO,NO,dimensity,8,2.4,5000,1,25,8,128,6.7,120,4,1,android,108,32
iqoo,iQOO Z6 Pro 5G,21788,YES,NO,NO,snapdragon,8,2.4,4700,1,66,6,128,6.44,90,3,1,android,64,16
tesla,Tesla Pi Phone,69999,YES,YES,NO,,8,,5000,1,120,16,512,6.73,165,3,1,android,50,32
samsung,Samsung Galaxy S23,70990,YES,YES,NO,snapdragon,8,3.2,3900,1,25,8,128,6.1,120,3,1,android,50,12
motorola,Motorola Edge 30 Pro 5G,34999,YES,YES,NO,snapdragon,8,3,4800,1,68,8,128,6.7,144,3,1,android,50,60
oneplus,OnePlus Nord 2T (12GB RAM + 256GB),33900,YES,YES,NO,dimensity,8,3,4500,1,80,12,256,6.43,90,3,1,android,50,32
google,Google Pixel 6A,29999,YES,YES,NO,google,8,,4410,1,,6,128,6.14,60,2,1,android,12.2,8
infinix,Infinix Note 12 Pro 5G,18999,YES,NO,NO,dimensity,8,2.4,5000,1,33,8,128,6.7,60,3,1,android,108,16
samsung,Samsung Galaxy M33 5G (8GB RAM + 128GB),19499,YES,YES,NO,exynos,8,2.4,6000,1,25,8,128,6.6,120,4,1,android,50,8
vivo,Vivo V23 5G,24994,YES,NO,NO,dimensity,8,2.5,4200,1,44,8,128,6.44,90,3,2,android,64,50
motorola,Motorola Moto G42,10999,NO,YES,NO,snapdragon,8,2.4,5000,1,20,4,64,6.47,60,3,1,android,50,16
oneplus,OnePlus Nord CE 2 Lite 5G (8GB RAM + 256GB),24999,YES,NO,NO,snapdragon,8,2.2,5000,1,33,8,256,6.59,120,3,1,android,64,16
samsung,Samsung Galaxy A33 5G,25999,YES,YES,NO,exynos,8,2.4,5000,1,25,6,128,6.4,90,4,1,android,48,13
google,Google Pixel 7A,34990,YES,YES,NO,google,8,,4410,1,,6,128,6.1,90,2,1,android,12.2,8
xiaomi,Xiaomi Redmi 11 Prime 5G,13466,YES,NO,YES,dimensity,8,2.2,5000,1,18,4,64,6.58,90,2,1,android,50,5
xiaomi,Xiaomi Redmi Note 10 Lite,9999,NO,NO,YES,snapdragon,8,2.3,5020,1,18,4,64,6.67,60,4,1,android,48,16
motorola,Motorola Moto E40,7999,NO,NO,NO,tiger,8,1.8,5000,0,,4,64,6.5,90,3,1,android,48,8
nothing,Nothing Phone 1 (8GB RAM + 256GB),28249,YES,YES,NO,snapdragon,8,2.5,4500,1,33,8,256,6.55,120,2,1,android,50,16
poco,Poco X4 Pro 5G (6GB RAM + 128GB),16499,YES,NO,YES,snapdragon,8,2.2,5000,1,67,6,128,6.67,120,3,1,android,64,16
xiaomi,Xiaomi Redmi Note 11 Pro Plus 5G (8GB RAM + 256GB),22999,YES,NO,YES,snapdragon,8,2.2,5000,1,67,8,256,6.67,120,3,1,android,108,16
apple,Apple iPhone 11 (128GB),46999,NO,YES,NO,bionic,6,2.65,3110,0,,4,128,6.1,60,2,1,ios,12,12
realme,Realme C35 (6GB RAM + 128GB),13999,NO,NO,NO,tiger,8,1.8,5000,1,18,6,128,6.6,90,3,1,android,50,8
oppo,OPPO K10,13490,NO,NO,NO,snapdragon,8,2.4,5000,1,33,6,128,6.59,90,3,1,android,50,16
iqoo,iQOO Neo 6 5G,28999,YES,NO,YES,snapdragon,8,3.2,4700,1,80,8,128,6.62,120,3,1,android,64,16
iqoo,iQOO Z6 5G,15499,YES,NO,NO,snapdragon,8,2.2,5000,1,18,4,128,6.58,120,3,1,android,50,16
oppo,OPPO Reno 9 Pro 5G,39999,YES,YES,NO,dimensity,8,2.85,4500,1,67,16,256,6.7,120,2,1,android,50,32
poco,Poco M4 Pro 5G,12999,YES,NO,YES,dimensity,8,2.4,5000,1,33,4,64,6.6,90,2,1,android,50,16
jio,Jio Phone 3,4499,NO,NO,NO,,4,1.4,2800,0,,2,64,5,60,1,1,android,5,2
oneplus,OnePlus Clover,14999,NO,NO,NO,snapdragon,8,1.8,6000,1,18,4,64,6.52,60,3,1,android,13,8
samsung,Samsung Galaxy F04,8499,NO,NO,NO,helio,8,2.3,5000,1,15,4,64,6.5,60,2,1,android,13,5
iqoo,iQOO 7,24990,YES,YES,NO,snapdragon,8,3.2,4400,1,66,8,128,6.62,120,3,1,android,48,16
samsung,Samsung Galaxy M34 5G,16999,YES,YES,NO,exynos,8,2.4,6000,1,25,6,128,6.5,120,4,1,android,64,32
xiaomi,Xiaomi Redmi 10,9589,NO,NO,NO,snapdragon,8,2.4,6000,1,18,4,64,6.7,60,2,1,android,50,5
apple,Apple iPhone 12 Mini,40999,YES,YES,NO,bionic,6,3.1,,0,,4,64,5.4,60,2,1,ios,12,12
xiaomi,Xiaomi Redmi Note 12 (6GB RAM + 128GB),19988,YES,NO,YES,snapdragon,8,2,5000,1,33,6,128,6.67,120,3,1,android,48,13
motorola,Motorola Moto G52,11999,NO,YES,NO,snapdragon,8,2.4,5000,1,33,4,64,6.6,90,3,1,android,50,16
apple,Apple iPhone 15 Pro Max,142990,YES,YES,NO,bionic,,,4352,1,25,8,256,6.68,120,3,1,ios,50,12
oppo,Oppo A98,30990,YES,YES,NO,snapdragon,8,3,5000,1,67,8,128,6.7,120,2,1,android,108,16
infinix,Infinix Zero 5G 2023,19499,YES,NO,NO,dimensity,8,2.6,5000,1,33,8,256,6.78,120,3,1,android,50,16
realme,Realme C30,5299,NO,NO,NO,tiger,8,1.82,5000,0,,2,32,6.5,60,1,1,android,8,5
oppo,OPPO F21 Pro 5G,25969,YES,NO,NO,snapdragon,8,2.2,4500,1,33,8,128,6.43,60,3,1,android,64,16
realme,Realme 11 Pro,28999,YES,NO,NO,snapdragon,8,3,5000,1,65,6,128,6.4,120,3,1,android,64,32
oppo,Oppo Find N2 5G,94990,YES,YES,NO,snapdragon,8,3.2,4520,1,67,12,256,7.1,120,3,2,,50,32
realme,Realme 9 4G,14999,NO,NO,NO,snapdragon,8,2.4,5000,1,33,6,128,6.4,90,3,1,android,108,16
cola,Cola Phone,14999,NO,NO,NO,helio,8,2.2,5000,1,33,4,64,6.4,90,2,1,android,50,16
apple,Apple iPhone 13 Pro Max,129900,YES,YES,NO,bionic,6,3.22,4352,1,,6,128,6.7,120,3,1,ios,12,12
oppo,Oppo Reno 10 Pro Plus,58990,YES,YES,NO,snapdragon,8,3.2,4700,1,80,12,256,6.73,120,4,1,android,64,32
vivo,Vivo X90 5G,41990,YES,YES,YES,dimensity,8,3.05,4810,1,120,8,128,6.78,120,3,1,android,50,32
samsung,Samsung Galaxy F13,10999,NO,YES,NO,exynos,8,2,6000,1,15,4,64,6.6,60,3,1,android,50,8
xiaomi,Xiaomi Redmi Note 10S (6GB RAM + 128GB),11999,NO,NO,YES,helio,8,2.05,5000,1,33,6,128,6.43,60,4,1,android,64,13
realme,Realme 10 (8GB RAM + 128GB),16999,NO,NO,NO,helio,8,2.2,5000,1,33,8,128,6.4,90,2,1,android,50,16
iqoo,iQOO 9 SE 5G,30990,YES,YES,NO,snapdragon,8,2.84,4500,1,66,8,128,6.62,120,3,1,android,48,16
infinix,Infinix Hot 20,17999,YES,NO,NO,dimensity,8,2.4,5000,1,18,4,64,6.6,120,2,1,android,50,8
letv,Letv Y1 Pro,5499,NO,NO,NO,tiger,4,2,4000,0,,4,32,6.54,60,2,1,android,8,5
xiaomi,Xiaomi Redmi Note 13 Pro Max 5G,20499,YES,NO,YES,snapdragon,8,2.36,5200,1,67,6,128,6.67,120,4,1,android,108,32
realme,Realme Narzo 50 Pro 5G,20490,YES,NO,NO,dimensity,8,2.5,5000,1,33,6,128,6.4,90,3,1,android,48,16
oppo,OPPO A74 5G,15490,YES,NO,NO,snapdragon,8,2,5000,1,18,6,128,6.5,90,3,1,android,48,8
apple,Apple iPhone 9,29990,NO,YES,NO,bionic,6,2.65,2050,1,,3,64,4.7,60,1,1,ios,12,7
iqoo,iQOO Z6 Lite (6GB RAM + 128GB),15499,YES,NO,NO,snapdragon,8,2,5000,1,18,6,128,6.58,120,2,1,android,50,8
xiaomi,Xiaomi Redmi Note 11SE,11999,NO,NO,YES,helio,8,2.05,5000,1,33,6,64,6.43,60,4,1,android,64,13
realme,Realme Narzo 50,10999,NO,NO,NO,helio,8,2,5000,1,33,4,64,6.6,120,3,1,android,50,16
vivo,Vivo Y75 5G,21990,YES,NO,NO,dimensity,8,2.2,5000,1,18,8,128,6.58,60,3,1,android,50,16
vivo,Vivo V25 (12GB RAM + 256GB),31999,YES,NO,NO,dimensity,8,2,4500,1,44,12,256,6.44,90,3,1,android,64,50
poco,POCO M4 Pro 4G,11999,NO,NO,YES,helio,8,2.05,5000,1,33,6,64,6.43,90,3,1,android,64,16
infinix,Infinix Zero Ultra,36999,YES,NO,NO,dimensity,8,2.5,4500,1,180,8,256,6.8,120,3,1,android,200,32
tecno,Tecno Spark Go 2023,6999,NO,NO,NO,helio,4,2,5000,1,10,3,32,6.56,60,2,1,android,13,5
motorola,Motorola Moto X40,39999,YES,YES,NO,snapdragon,8,3.2,4600,1,125,8,128,6.7,165,3,1,android,50,60
samsung,Samsung Galaxy F24 5G,14999,YES,YES,NO,snapdragon,8,2.2,5000,1,25,4,128,6.6,120,3,1,android,50,8
realme,Realme 10 5G,14499,YES,NO,NO,dimensity,8,2.2,5000,1,33,8,128,6.6,90,3,1,android,50,8
oneplus,OnePlus Nord 3 5G,27999,YES,YES,NO,dimensity,8,3.1,4200,1,120,8,128,6.43,90,3,1,android,50,32
motorola,Motorola Moto G82 (8GB RAM + 128GB),20499,YES,YES,NO,snapdragon,8,2.2,5000,1,30,8,128,6.6,120,3,1,android,50,16
ikall,iKall Z19 Pro,8099,NO,NO,NO,,4,1.6,5000,0,,4,64,6.5,60,1,1,android,13,8
leeco,LeEco S1 Pro,10999,NO,NO,NO,tiger,4,1.8,5000,1,10,8,128,6.5,60,2,1,android,13,5
realme,Realme C2s,3499,NO,NO,NO,helio,8,2,4000,0,,3,32,6.1,60,2,1,android,13,5
duoqin,Duoqin F22 Pro,9990,NO,NO,NO,helio,8,2,2150,0,,4,64,3.54,60,1,1,android,8,2
samsung,Samsung Galaxy M54 5G,34999,YES,NO,NO,snapdragon,8,2.84,6000,1,25,6,128,6.67,90,3,1,android,64,32
nokia,Nokia N73 5G,46999,YES,NO,NO,snapdragon,8,3,6000,1,65,12,256,6.9,120,1,1,android,200,32
motorola,Motorola Edge 30 Fusion 5G,39999,YES,YES,NO,snapdragon,8,2.9,4400,1,68,8,128,6.55,144,3,1,android,50,32
realme,Realme C35,11828,NO,NO,NO,tiger,8,1.8,5000,1,18,4,64,6.6,60,3,1,android,50,8
oppo,OPPO Reno 8 Pro House of Dragon Edition,45999,YES,YES,NO,dimensity,8,2.85,4500,1,80,12,256,6.7,120,3,1,android,50,32
oneplus,OnePlus Nord CE 3 Lite 5G,18999,YES,NO,NO,snapdragon,8,2.2,5000,1,33,6,128,6.59,120,3,1,android,50,16
poco,Poco X4 Pro 5G (8GB RAM + 128GB),17999,YES,NO,YES,snapdragon,8,2.2,5000,1,67,8,128,6.67,120,3,1,android,64,16
samsung,Samsung Galaxy M04,8499,NO,NO,NO,helio,8,2.3,5000,1,15,4,64,6.5,60,2,1,android,13,5
oppo,OPPO A77s,17999,NO,NO,NO,snapdragon,8,2.4,5000,1,33,8,128,6.56,90,2,1,android,50,8
samsung,Samsung Galaxy A13,14450,NO,NO,NO,,8,2,5000,1,25,4,64,6.6,60,4,1,android,50,8
motorola,Motorola Edge 30 Ultra,54999,YES,YES,NO,snapdragon,8,3.2,4610,1,125,8,128,6.67,144,3,1,android,200,60
xiaomi,Xiaomi 13 Ultra 5G,71999,YES,YES,YES,snapdragon,8,3.2,5000,1,120,12,256,6.6,120,4,1,android,108,32
motorola,Motorola Moto G52 (6GB RAM + 128GB),12999,NO,YES,NO,snapdragon,8,2.4,5000,1,33,6,128,6.6,90,3,1,android,50,16
poco,Poco M4 5G,11499,YES,NO,YES,dimensity,8,2.2,5000,1,18,4,64,6.58,90,2,1,android,50,8
nothing,Nothing Phone 1 (12GB RAM + 256GB),35999,YES,YES,NO,snapdragon,8,2.5,4500,1,33,12,256,6.55,120,2,1,android,50,16
samsung,Samsung Galaxy A54 5G,34999,YES,YES,NO,exynos,8,,5000,1,25,6,128,6.4,120,3,1,android,50,32
tecno,Tecno Pova 4,11999,NO,NO,NO,helio,8,2.2,6000,1,18,8,128,6.82,90,2,1,android,50,8
xiaomi,Xiaomi Redmi Note 12 Pro (8GB RAM + 256GB),27994,YES,NO,YES,dimensity,8,2.6,5000,1,67,8,256,6.67,120,3,1,android,50,16
apple,Apple iPhone 14 Pro Max (256GB),139990,YES,YES,NO,bionic,6,,4323,1,,6,256,6.7,120,3,1,ios,48,12
vivo,Vivo V25 Pro (12GB RAM + 256GB),39999,YES,NO,NO,dimensity,8,3,4830,1,66,12,256,6.56,120,3,1,android,64,32
realme,Realme 9 5G (6GB RAM + 128GB),15499,YES,NO,NO,dimensity,8,2.4,5000,1,18,6,128,6.5,90,3,1,android,48,16
realme,Realme 9 Pro 5G,18999,YES,NO,NO,snapdragon,8,2.2,5000,1,33,6,128,6.6,120,3,1,android,64,16
lava,Lava Blaze 5G,10999,YES,NO,NO,dimensity,8,2.2,5000,0,,4,128,6.5,90,3,1,android,50,8
honor,Honor X9a,27999,YES,YES,YES,snapdragon,8,2.2,5100,1,40,8,256,6.67,120,3,1,android,64,16
google,Google Pixel 7 Pro 5G,81999,YES,YES,NO,google,8,2.85,5000,1,30,12,128,6.7,120,3,1,android,50,10.8
tecno,Tecno Pova 3,9999,NO,NO,NO,helio,8,2,7000,1,33,4,64,6.95,90,3,1,android,50,8
vivo,Vivo V23 Pro 5G,31994,YES,NO,NO,dimensity,8,3,4300,1,44,8,128,6.56,90,3,2,android,108,50
samsung,Samsung Galaxy A04e,9299,NO,NO,NO,helio,8,2.3,5000,0,,3,32,6.5,60,2,1,android,13,5
xiaomi,Xiaomi Redmi K60,29990,YES,YES,YES,snapdragon,8,3.2,5500,1,67,8,128,6.67,120,3,1,android,64,16
realme,Realme 9 Pro Plus 5G,25900,YES,NO,NO,dimensity,8,2.5,4500,1,60,6,128,6.4,90,3,1,android,50,16
realme,Realme 9i 5G (6GB RAM + 128GB),16999,YES,NO,NO,dimensity,8,2.4,5000,1,18,6,128,6.6,90,3,1,android,50,8
motorola,Motorola Edge 30 5G (8GB RAM + 128GB),24999,YES,YES,NO,snapdragon,8,2.5,4020,1,33,8,128,6.5,144,3,1,android,50,32
xiaomi,Xiaomi Redmi Note 11 (6GB RAM + 64GB),12188,NO,NO,YES,snapdragon,8,2.4,5000,1,33,6,64,6.43,90,4,1,android,50,13
vivo,Vivo Y02,8999,NO,NO,NO,helio,8,,5000,1,10,3,32,6.51,60,1,1,android,8,5
poco,POCO C31 (4GB RAM + 64GB),7499,NO,NO,NO,helio,8,2.3,5000,0,,4,64,6.53,60,3,1,android,13,5
realme,Realme Narzo 50 5G,17999,YES,NO,NO,dimensity,8,2.4,5000,1,33,6,128,6.6,90,3,1,android,48,16
realme,Realme GT Neo 3T,24999,YES,NO,NO,snapdragon,8,3.2,5000,1,80,6,128,6.62,120,3,1,android,64,16
oppo,OPPO Reno 8 Pro 5G,45999,YES,YES,NO,dimensity,8,2.85,4500,1,80,12,256,6.7,120,3,1,android,50,32
oneplus,OnePlus 10 Pro 5G (12GB RAM + 256GB),65499,YES,YES,NO,snapdragon,8,3,5000,1,80,12,256,6.7,120,3,1,android,50,32
iqoo,iQOO 11 Pro 5G,58990,YES,YES,YES,snapdragon,8,3.2,4700,1,200,8,256,6.78,144,3,1,android,50,16
vivo,Vivo T1x 4G,11999,NO,NO,NO,snapdragon,8,2.4,5000,1,18,4,64,6.58,90,2,1,android,50,8
xiaomi,Xiaomi Redmi 10 Power,11999,NO,NO,YES,snapdragon,8,2.4,6000,1,18,8,128,6.7,60,2,1,android,50,5
oppo,OPPO A58,18990,YES,NO,NO,dimensity,8,2.2,5000,1,33,6,128,6.56,90,2,1,android,50,8
vivo,Vivo T1 44W,14499,NO,NO,NO,snapdragon,8,2.4,5000,1,44,4,128,6.44,60,3,1,android,50,16
xiaomi,Xiaomi Mix Fold 2 5G,106990,YES,YES,YES,snapdragon,8,3.2,4500,1,67,12,256,8.02,120,3,1,android,50,20
vivo,Vivo Y16 (3GB RAM + 64GB),10499,NO,NO,NO,helio,8,2.3,5000,1,10,3,64,6.51,60,2,1,android,13,5
oppo,OPPO Reno 8 Z,26990,YES,YES,NO,snapdragon,8,2.2,4500,1,33,8,256,6.43,60,3,1,android,64,16
vivo,Vivo Y75 4G,19990,NO,NO,NO,helio,8,2.05,4050,1,44,8,128,6.44,60,3,1,android,50,44
xiaomi,Xiaomi Redmi Note 12 Explorer,24999,YES,YES,YES,dimensity,8,2.6,4300,1,120,8,256,6.67,120,3,1,android,200,16
oppo,OPPO A57 4G (4GB RAM + 64 GB),13969,NO,NO,NO,helio,8,2.3,5000,1,33,4,64,6.56,60,2,1,android,13,8
samsung,Samsung Galaxy A75 5G,44999,YES,YES,NO,snapdragon,8,,5000,1,67,8,128,6.7,120,4,1,android,108,32
vivo,Vivo T1 Pro 5G (8GB RAM + 128GB),24999,YES,NO,NO,snapdragon,8,2.4,4700,1,66,8,128,6.44,90,3,1,android,64,16
google,Google Pixel 7 5G,53100,YES,YES,NO,google,8,2.85,4355,1,30,8,128,6.3,90,2,1,android,50,10.8
xiaomi,Xiaomi Redmi Note 11T 5G (6GB RAM + 128GB),16999,YES,NO,YES,dimensity,8,2.4,5000,1,33,6,128,6.6,90,2,1,android,50,16
oppo,OPPO F21s Pro 4G,21899,NO,NO,NO,snapdragon,8,2.4,4500,1,33,8,128,6.43,90,3,1,android,64,32
apple,Apple iPhone 14 (256GB),75999,YES,YES,NO,bionic,6,3.22,3279,1,,6,256,6.1,60,2,1,ios,12,12
motorola,Motorola Moto G73,25999,YES,YES,NO,dimensity,8,2.2,5000,1,30,8,256,6.5,120,2,1,android,50,16
nubia,Nubia Red Magic 8 Pro 5G,46990,YES,YES,NO,snapdragon,8,3.2,6000,1,80,8,128,6.8,120,3,1,android,50,16
motorola,Motorola Moto G31,9999,NO,NO,NO,helio,8,2,5000,1,20,4,64,6.47,60,3,1,android,50,13
tecno,Tecno Phantom X2 Pro,49999,YES,YES,NO,dimensity,8,3.05,5160,1,45,12,256,6.8,120,3,1,android,50,32
infinix,Infinix Zero 20,17999,NO,YES,NO,helio,8,2.2,4500,1,45,8,128,6.7,90,3,1,android,108,60
iqoo,iQOO Z6 5G (6GB RAM + 128GB),16940,YES,NO,NO,snapdragon,8,2.2,5000,1,18,6,128,6.58,120,3,1,android,50,16
xiaomi,Xiaomi Redmi Note 11 Pro 5G,17990,YES,NO,YES,snapdragon,8,2.2,5000,1,67,6,64,6.67,120,3,1,android,108,16
oppo,OPPO A1 Pro,20990,YES,YES,NO,snapdragon,8,2.2,4800,1,67,8,128,6.7,120,2,1,android,108,16
samsung,Samsung Galaxy S22 FE 5G,51999,YES,YES,NO,exynos,8,,4200,1,33,8,128,6.4,120,3,1,android,12,32
samsung,Samsung Galaxy S22 Plus 5G,64449,YES,YES,NO,snapdragon,8,3,4500,1,45,8,128,6.6,120,3,1,android,50,10
vivo,Vivo U3x,8990,YES,NO,NO,snapdragon,8,2,5000,1,18,6,64,6.58,90,2,1,android,13,8
motorola,Motorola Moto G23,19999,NO,YES,NO,helio,8,2,5000,1,30,4,128,6.5,90,3,1,android,50,16
poco,Poco M4 5G (6GB RAM + 128GB),13499,YES,NO,YES,dimensity,8,2.2,5000,1,18,6,128,6.58,90,2,1,android,50,8
tecno,Tecno Pova 5G,15499,YES,NO,NO,dimensity,8,2.4,6000,1,18,8,128,6.9,120,3,1,android,50,16
poco,POCO C31,6499,NO,NO,NO,helio,8,2.3,5000,0,,3,32,6.53,60,3,1,android,13,5
apple,Apple iPhone XR2,71999,NO,YES,NO,bionic,,,3060,1,,4,64,6.1,60,2,1,ios,12,7
samsung,Samsung Galaxy A53 (8GB RAM + 256GB),36499,YES,YES,NO,exynos,8,2.4,5000,1,25,8,256,6.5,120,4,1,android,64,32
infinix,Infinix Note 12 5G,15999,YES,NO,NO,dimensity,8,2.4,5000,1,33,6,64,6.7,60,3,1,android,50,16
oppo,OPPO Reno7 Pro 5G,31994,YES,YES,NO,dimensity,8,3,4500,1,65,12,256,6.55,90,3,1,android,50,32
oneplus,OnePlus Ace 2,34999,YES,YES,NO,snapdragon,8,3.2,5000,1,100,8,128,6.7,120,3,1,android,50,16
redmi,Redmi Note 11 Pro 2023,18999,NO,NO,YES,snapdragon,8,2.3,5000,1,67,6,128,6.67,120,4,1,android,108,16
nothing,Nothing Phone 2,39990,YES,YES,NO,snapdragon,8,3.2,4700,1,66,8,128,6.67,120,3,1,android,50,32
samsung,Samsung Galaxy A32 (8GB RAM + 128GB),16499,NO,NO,NO,helio,8,2,5000,1,15,8,128,6.4,90,4,1,android,64,20
google,Google Pixel 6 Pro,54300,YES,YES,NO,google,8,2.8,5003,1,30,12,128,6.71,120,3,1,android,50,11.1
infinix,Infinix Note 12i (2022),9999,NO,NO,NO,helio,8,2,5000,1,33,4,64,6.7,60,3,1,android,50,8
xiaomi,Xiaomi Redmi 11 Prime 5G (6GB RAM + 128GB),15990,YES,NO,YES,dimensity,8,2.2,5000,1,18,6,128,6.58,90,2,1,android,50,5
xiaomi,Xiaomi Redmi Note 11 Pro Plus 5G (8GB RAM + 128GB),22700,YES,NO,YES,snapdragon,8,2.2,5000,1,67,8,128,6.67,120,3,1,android,108,16
xiaomi,Xiaomi 12 Pro 5G,50990,YES,YES,YES,snapdragon,8,3,4600,1,120,8,256,6.73,120,3,1,android,50,32
apple,Apple iPhone 13 Mini,64900,YES,YES,NO,bionic,6,3.22,2438,1,,4,128,5.4,60,2,1,ios,12,12
tecno,Tecno Pova 3 (6GB RAM + 128GB),13799,NO,NO,NO,helio,8,2,7000,1,33,6,128,6.9,90,3,1,android,50,8
realme,Realme C31 (4GB RAM + 64GB),8999,NO,NO,NO,tiger,8,1.82,5000,0,,4,64,6.52,60,3,1,android,13,5
asus,Asus ROG Phone 6 Pro 5G,89999,YES,YES,NO,snapdragon,8,3.2,6000,1,65,18,512,6.78,165,3,1,android,50,12
vivo,Vivo V23e 5G,21994,YES,NO,NO,dimensity,8,2.4,4050,1,44,8,128,6.44,60,3,1,android,50,44
apple,Apple iPhone 14 Mini,69990,NO,YES,NO,bionic,,,3500,1,,6,128,5.42,60,2,1,ios,12,12
xiaomi,Xiaomi Redmi Note 10T 5G,12999,YES,NO,YES,dimensity,8,2.2,5000,1,18,4,64,6.5,90,3,1,android,48,8
iqoo,iQOO Neo 7 SE 5G,24990,YES,YES,NO,dimensity,8,3.1,5000,1,120,8,128,6.78,120,3,1,android,64,16
samsung,Samsung Galaxy A23 (8GB RAM + 128GB),19990,NO,NO,NO,snapdragon,8,2.4,5000,1,25,8,128,6.6,60,4,1,android,50,8
xiaomi,Xiaomi Redmi Note 12 Pro (8GB RAM + 128GB),26999,YES,NO,YES,dimensity,8,2.6,5000,1,67,8,128,6.67,120,3,1,android,50,16
xiaomi,Xiaomi Redmi Note 12 Turbo,19999,YES,YES,YES,snapdragon,8,2.4,5000,1,67,8,128,6.67,120,3,1,android,50,16
infinix,Infinix Note 12 Pro,16900,NO,NO,NO,helio,8,2.2,5000,1,33,8,256,6.7,60,3,1,android,108,16
infinix,Infinix Hot 20 (6GB RAM+ 128GB),19999,YES,NO,NO,dimensity,8,2.4,5000,1,18,6,128,6.6,120,2,1,android,50,8
apple,Apple iPhone 14 Pro Max (1TB),182999,YES,YES,NO,bionic,6,,4323,1,,6,1024,6.7,120,3,1,ios,48,12
samsung,Samsung Galaxy M13,12999,NO,NO,NO,exynos,8,2,6000,1,15,6,128,6.6,60,3,1,android,50,8
poco,Poco M4 Pro 5G (8GB RAM + 128GB),15999,YES,NO,YES,dimensity,8,2.4,5000,1,33,8,128,6.6,90,2,1,android,50,16
xiaomi,Xiaomi Redmi Note 10S (8GB RAM + 128GB),13999,NO,NO,YES,helio,8,2.05,5000,1,33,8,128,6.43,60,4,1,android,64,13
realme,Realme C11 2021 (4GB RAM + 64GB),7749,NO,NO,NO,sc9863a,8,1.6,5000,0,,4,64,6.52,60,1,1,android,8,5
samsung,Samsung Galaxy A23 5G (8GB RAM + 128GB),24999,YES,NO,NO,snapdragon,8,2.2,5000,1,25,8,128,6.6,120,4,1,android,50,8
motorola,Motorola Edge 30 Ultra (12GB RAM + 256GB),59999,YES,YES,NO,snapdragon,8,3.2,4610,1,125,12,256,6.67,144,3,1,android,200,60
oppo,OPPO F21s Pro,25895,YES,NO,NO,snapdragon,8,2.2,4500,1,33,8,128,6.43,60,3,1,android,64,16
xiaomi,Xiaomi 13 5G,46990,YES,YES,YES,snapdragon,8,3.2,4500,1,67,8,128,6.36,120,3,1,android,50,32
xiaomi,Xiaomi Redmi 10A,7499,NO,NO,NO,helio,8,2,5000,0,,3,32,6.53,60,1,1,android,13,5
vivo,Vivo Y01A,7790,NO,NO,NO,helio,8,2.3,5000,1,10,2,32,6.51,60,1,1,android,8,5
xiaomi,Xiaomi Redmi K50i (8GB RAM + 256GB),25999,YES,NO,YES,dimensity,8,2.85,5080,1,67,8,256,6.6,144,3,1,android,64,16
realme,Realme C30 (3GB RAM + 32GB),6299,NO,NO,NO,tiger,8,1.82,5000,0,,3,32,6.5,60,1,1,android,8,5
motorola,Motorola Moto G51 5G,12999,YES,YES,NO,snapdragon,8,2.2,5000,0,,4,64,6.8,120,3,1,android,50,13
xiaomi,Xiaomi Redmi 10 (6GB RAM + 128GB),11999,NO,NO,NO,snapdragon,8,2.4,6000,1,18,6,128,6.7,60,2,1,android,50,5
xiaomi,Xiaomi Mi 11 Lite NE 5G,21890,YES,YES,YES,snapdragon,8,2.4,4250,1,33,6,128,6.55,90,3,1,android,64,20
samsung,Samsung Galaxy Z Flip 3,69999,YES,YES,NO,snapdragon,8,2.84,3300,1,15,8,128,6.7,120,2,1,,12,10
apple,Apple iPhone 12 (128GB),55999,YES,YES,NO,bionic,6,3.1,,0,,4,128,6.1,60,2,1,ios,12,12
oneplus,OnePlus 10T (16GB RAM + 256GB),55999,YES,YES,NO,snapdragon,8,3.2,4800,1,150,16,256,6.7,120,3,1,android,50,16
samsung,Samsung Galaxy A13 (4GB RAM + 128GB),14999,NO,NO,NO,,8,2,5000,1,25,4,128,6.6,60,4,1,android,50,8
oppo,OPPO Reno7 5G,25994,YES,YES,NO,dimensity,8,2,4500,1,65,8,256,6.43,90,3,1,android,64,32
oneplus,OnePlus 9RT 5G,42999,YES,YES,NO,snapdragon,8,2.84,4500,1,,8,128,6.62,120,3,1,android,50,16
samsung,Samsung Galaxy A53 5G (8GB RAM + 128GB),33499,YES,YES,NO,exynos,8,2.4,5000,1,25,8,128,6.5,120,4,1,android,64,32
samsung,Samsung Galaxy S22 Ultra 5G (12GB RAM + 512GB),118999,YES,YES,NO,snapdragon,8,3,5000,1,45,12,512,6.8,120,4,1,android,108,40
motorola,Motorola Moto G71 5G,16999,YES,YES,NO,snapdragon,8,2.2,5000,1,33,6,128,6.4,60,3,1,android,50,16
itel,itel S16 Pro,6990,NO,NO,NO,,4,1.3,4000,0,,2,32,6.6,60,3,1,android,8,8
vivo,Vivo Y100,29990,YES,NO,NO,dimensity,8,2.4,5000,1,66,8,128,6,120,3,2,android,50,50
samsung,Samsung Galaxy M13 5G (4GB RAM + 64GB),12944,YES,NO,NO,dimensity,8,2.2,5000,1,15,4,64,6.5,90,2,1,android,50,5
poco,POCO X5 GT,29990,YES,YES,YES,dimensity,8,3.2,5000,1,80,8,128,6.7,144,3,1,android,64,32
honor,Honor X9 5G,16999,YES,YES,NO,snapdragon,8,2.2,4800,1,66,8,128,6.81,60,3,1,android,48,16
iqoo,iQOO 11 (16GB RAM + 256GB),64999,YES,YES,NO,snapdragon,8,3.2,5000,1,120,16,256,6.78,144,3,1,android,50,16
samsung,Samsung Galaxy Z Fold 4,154998,YES,YES,NO,snapdragon,8,3.2,4400,1,25,12,256,7.6,120,3,2,android,50,10
royole,Royole FlexPai 2,109999,YES,NO,NO,snapdragon,8,2.84,4450,0,,8,128,7.8,60,3,1,,64,32
apple,Apple iPhone 14 Plus (256GB),84999,YES,YES,NO,bionic,6,3.22,4325,1,,6,256,6.7,60,2,1,ios,12,12
samsung,Samsung Galaxy A33 5G (8GB RAM + 128GB),27499,YES,YES,NO,exynos,8,2.4,5000,1,25,8,128,6.4,90,4,1,android,48,13
tecno,Tecno Spark 9,8999,NO,NO,NO,helio,8,2.3,5000,0,,6,128,6.6,90,2,1,android,13,8
google,Google Pixel 6,40480,YES,YES,NO,google,8,2.8,4614,1,30,8,128,6.4,90,2,1,android,50,8
xiaomi,Xiaomi Redmi Note 10 Pro (6GB RAM + 128GB),17999,NO,NO,YES,snapdragon,8,2.3,5020,1,33,6,128,6.67,120,4,1,android,64,16
samsung,Samsung Galaxy S21 Ultra,105999,YES,YES,NO,exynos,8,2.9,5000,1,25,12,256,6.8,120,4,1,android,108,40
infinix,Infinix Hot 20 Play,8999,NO,NO,NO,helio,8,2.3,6000,1,18,4,64,6.82,90,2,1,android,13,8
vivo,Vivo T1x (6GB RAM + 128GB),14999,NO,NO,NO,snapdragon,8,2.4,5000,1,18,6,128,6.58,90,2,1,android,50,8
oppo,OPPO F23 Pro,19990,YES,NO,NO,snapdragon,8,2.2,4500,1,33,8,128,6.5,90,3,1,android,64,32
iqoo,iQOO Z6 Pro 5G (8GB RAM + 128GB),23399,YES,NO,NO,snapdragon,8,2.4,4700,1,66,8,128,6.44,90,3,1,android,64,16
samsung,Samsung Galaxy A73 5G (8GB RAM + 256GB),41990,YES,YES,NO,snapdragon,8,2.4,5000,1,25,8,256,6.7,120,4,1,android,108,32
realme,Realme 9 5G SE (8GB RAM + 128GB),22998,YES,NO,NO,snapdragon,8,2.4,5000,1,30,8,128,6.6,144,3,1,android,48,16
poco,Poco F4 5G,25999,YES,YES,NO,snapdragon,8,3.2,4500,1,67,6,128,6.67,120,3,1,android,64,20
infinix,Infinix Note 12,11700,NO,NO,NO,helio,8,2,5000,1,33,4,64,6.7,60,3,1,android,50,16
samsung,Samsung Galaxy A03 Core,6499,NO,NO,NO,unisoc,4,1.6,5000,0,,2,32,6.5,60,1,1,android,8,5
motorola,Motorola Moto G60,15999,NO,YES,NO,snapdragon,8,2.3,6000,1,20,6,128,6.78,120,3,1,android,108,32
oneplus,OnePlus 9 Pro,64800,YES,YES,NO,snapdragon,8,2.84,4500,1,65,8,128,6.7,120,4,1,android,48,16
xiaomi,Xiaomi Redmi Note 11S,14590,NO,NO,YES,helio,8,2.05,5000,1,33,6,64,6.43,90,4,1,android,108,16
xiaomi,Xiaomi Redmi 9 Activ,7499,NO,NO,NO,helio,8,2.3,5000,0,,4,64,6.53,60,2,1,android,13,5
tecno,Tecno Camon 19 Pro 5G,21999,YES,YES,NO,dimensity,8,2.4,5000,1,33,8,128,6.8,120,3,1,android,64,16
samsung,Samsung Galaxy A04,11999,NO,NO,NO,helio,8,2.3,5000,1,,4,64,6.5,60,2,1,android,50,5
poco,POCO M4 Pro 4G (6GB RAM + 128GB),12999,NO,NO,YES,helio,8,2.05,5000,1,33,6,128,6.43,90,3,1,android,64,16
oneplus,OnePlus Nord N20 5G,20990,YES,YES,NO,snapdragon,8,2.2,4500,1,33,6,128,6.43,60,3,1,android,64,16
apple,Apple iPhone 13 (256GB),72999,YES,YES,NO,bionic,6,3.22,3240,1,,4,256,6.1,60,2,1,ios,12,12
oppo,Oppo Find X6 Pro,77990,YES,YES,NO,snapdragon,8,3.2,4700,1,120,12,256,6.78,120,3,1,android,50,32
vivo,Vivo X90 Pro 5G,56999,YES,YES,YES,dimensity,8,3.05,4870,1,120,8,256,6.78,120,3,1,android,50.3,32
motorola,Motorola Moto G53,21999,YES,YES,NO,snapdragon,8,2.2,5000,1,10,4,128,6.5,120,2,1,android,50,16
motorola,Motorola Moto G22,9499,NO,NO,NO,helio,8,2.3,5000,1,20,4,64,6.53,90,4,1,android,50,16
xiaomi,Xiaomi Redmi 9i Sport,7499,NO,NO,NO,helio,8,2,5000,1,10,4,64,6.53,60,1,1,android,13,5
jio,Jio JioPhone Next,4649,NO,NO,NO,snapdragon,4,1.3,3500,0,,2,32,5.45,60,1,1,android,13,8
vivo,Vivo Y93,18000,NO,NO,NO,helio,8,2,4030,0,,4,32,6.2,60,2,1,android,13,8
xiaomi,Xiaomi Redmi K60 Pro,38999,YES,YES,YES,snapdragon,8,3.2,5000,1,120,8,128,6.67,120,3,1,android,54,16
realme,Realme C30s,7145,NO,NO,NO,unisoc,8,1.6,5000,1,10,2,32,6.5,60,1,1,android,8,5
vivo,Vivo Y22s,14990,NO,NO,NO,snapdragon,8,2.4,5000,1,18,8,128,6.55,90,2,1,android,50,8
oppo,OPPO A77,15499,NO,NO,NO,helio,8,2.3,5000,1,33,4,64,6.56,60,2,1,android,50,8
xiaomi,Xiaomi Redmi 10A Sport,9999,NO,NO,YES,helio,8,2,5000,0,,6,128,6.53,60,1,1,android,13,5
poco,Poco F4 (12GB RAM + 256GB),29999,YES,YES,NO,snapdragon,8,3.2,4500,1,67,12,256,6.67,120,3,1,android,64,20
realme,Realme 9 4G (8GB RAM + 128GB),15999,NO,NO,NO,snapdragon,8,2.4,5000,1,33,8,128,6.4,90,3,1,android,108,16
xiaomi,Xiaomi 12T Pro 5G,59990,YES,YES,YES,snapdragon,8,3.2,5000,1,120,8,128,6.67,120,3,1,android,200,20
iqoo,iQOO 9 5G,34990,YES,NO,NO,snapdragon,8,2.9,4350,1,120,8,128,6.56,120,3,1,android,48,16
apple,Apple iPhone 12 Mini (128GB),45999,YES,YES,NO,bionic,6,3.1,,0,,4,128,5.4,60,2,1,ios,12,12
samsung,Samsung Galaxy S24 Ultra,119990,YES,NO,NO,snapdragon,8,,5100,1,45,12,256,6.83,144,4,1,android,200,60
oppo,OPPO Find N Flip,89990,YES,YES,NO,dimensity,8,3.05,4300,1,44,8,128,6.8,120,2,1,,50,32
oneplus,OnePlus 10T (12GB RAM + 256GB),50999,YES,YES,NO,snapdragon,8,3.2,4800,1,150,12,256,6.7,120,3,1,android,50,16
tecno,Tecno Spark 9 (4GB RAM + 64GB),7999,NO,NO,NO,helio,8,2.3,5000,0,,4,64,6.6,90,2,1,android,13,8
samsung,Samsung Galaxy S21 FE 5G (8GB RAM + 256GB),43999,YES,YES,NO,exynos,8,2.9,4500,1,25,8,256,6.4,120,3,1,android,12,32
xiaomi,Xiaomi Redmi Note 11T 5G (8GB RAM + 128GB),18499,YES,NO,YES,dimensity,8,2.4,5000,1,33,8,128,6.6,90,2,1,android,50,16
sony,Sony Xperia Pro-I,134999,YES,YES,NO,snapdragon,8,2.84,4500,1,30,12,512,6.5,120,3,1,android,12,8
vivo,Vivo V21 Pro,32999,YES,NO,NO,snapdragon,8,2.4,4300,1,33,8,128,6.44,60,4,2,android,64,44
poco,Poco X3,13499,NO,NO,YES,snapdragon,8,2.3,6000,1,33,6,64,6.67,120,4,1,android,64,20
samsung,Samsung Galaxy S20 FE,35489,NO,YES,NO,exynos,8,2.73,4500,1,25,8,128,6.5,120,3,1,android,12,32
google,Google Pixel 4,20120,NO,YES,NO,snapdragon,8,2.8,2800,1,,6,64,5.7,60,2,2,android,16,8
samsung,Samsung Galaxy S10 Plus,42999,NO,YES,NO,exynos,8,2.7,4100,1,15,8,128,6.4,60,3,2,android,16,10
realme,Realme 11 Pro Plus,24999,YES,NO,NO,dimensity,8,2.2,4200,1,66,6,128,6.4,90,3,1,android,50,16
oppo,OPPO F21 Pro 4G,20999,NO,NO,NO,snapdragon,8,2.4,4500,1,33,8,128,6.5,90,3,1,android,64,32
realme,Realme GT 2 5G,28994,YES,YES,NO,snapdragon,8,2.84,5000,1,65,8,128,6.62,120,3,1,android,50,16
samsung,Samsung Galaxy S21,48900,YES,YES,NO,exynos,8,2.9,4000,1,25,8,128,6.2,120,3,1,android,64,10
samsung,Samsung Galaxy A71,22494,NO,NO,NO,snapdragon,8,2.2,4500,1,25,8,128,6.7,60,4,1,android,64,32
vivo,Vivo Y02s,8990,NO,NO,NO,helio,8,2.3,5000,1,10,3,32,6.51,60,1,1,android,8,5
letv,Letv Y2 Pro,6999,NO,NO,NO,unisoc,8,,4000,0,,4,32,6.5,60,3,1,android,13,8
tecno,Tecno Spark 8C (4GB RAM + 64GB),8890,NO,NO,NO,unisoc,8,2,5000,0,,4,64,6.6,90,2,1,android,13,8
iqoo,iQOO Z6 5G (8GB RAM + 128GB),18498,YES,NO,NO,snapdragon,8,2.2,5000,1,18,8,128,6.58,120,3,1,android,50,16
vivo,Vivo T1 Pro,23999,YES,NO,NO,snapdragon,8,2.4,4700,1,66,6,128,6.44,90,3,1,android,64,16
realme,Realme 9 Pro Plus 5G (8GB RAM + 128GB),22994,YES,NO,NO,dimensity,8,2.5,4500,1,60,8,128,6.4,90,3,1,android,50,16
samsung,Samsung Galaxy A04s,12990,NO,NO,NO,exynos,8,2,5000,1,15,4,64,6.5,90,3,1,android,50,5
realme,Realme 9i (6GB RAM + 128GB),14999,NO,NO,NO,snapdragon,8,2.4,5000,1,33,6,128,6.6,90,3,1,android,50,16
realme,Realme 8 5G (8GB RAM + 128GB),18499,YES,NO,NO,dimensity,8,2.2,5000,1,18,8,128,6.5,90,3,1,android,48,16
oppo,OPPO F19,14990,NO,NO,NO,snapdragon,8,2,5000,1,33,6,128,6.4,60,3,1,android,48,16
oppo,OPPO Find N2 Flip,70990,YES,YES,NO,dimensity,8,3.2,4300,1,44,8,256,6.8,120,2,1,,50,32
samsung,Samsung Galaxy M32 Prime Edition,12120,NO,NO,NO,helio,8,2,6000,1,15,4,64,6.4,90,4,1,android,64,20
oukitel,Oukitel WP19,29990,NO,YES,NO,helio,8,2,21000,1,33,8,256,6.78,60,3,1,android,64,16
realme,Realme 9 Pro 5G (8GB RAM + 128GB),20999,YES,NO,NO,snapdragon,8,2.2,5000,1,33,8,128,6.6,120,3,1,android,64,16
xiaomi,Xiaomi Redmi Note 10 Lite (6GB RAM + 128GB),11999,NO,NO,YES,snapdragon,8,2.3,5020,1,18,6,128,6.67,60,4,1,android,48,16
samsung,Samsung Galaxy A13 5G,17990,YES,YES,NO,dimensity,8,2.2,5000,1,15,4,64,6.5,90,3,1,android,50,5
xiaomi,Xiaomi Redmi Note 11 5G,14990,YES,NO,YES,dimensity,8,2.4,5000,1,33,4,128,6.6,90,2,1,android,50,16
itel,itel P36,6490,NO,NO,NO,spreadtrum,4,1.3,5000,0,,1,16,6.5,60,2,1,android,8,8
realme,Realme GT Neo 5,34999,YES,YES,NO,snapdragon,8,3.2,4600,1,240,8,128,6.7,120,3,1,android,50,16
apple,Apple iPhone 15 Ultra,149900,YES,YES,NO,bionic,8,,4700,1,,8,128,6.73,120,3,1,ios,48,12
poco,Poco C50,6499,NO,NO,NO,helio,4,2,5000,1,10,2,32,6.52,60,2,1,android,8,5
samsung,Samsung Galaxy Note 30 Ultra 5G,104999,YES,YES,NO,snapdragon,8,3.2,4500,1,67,12,256,6.71,120,3,1,android,200,10
realme,Realme 9i (4GB RAM + 128GB),13999,NO,NO,NO,snapdragon,8,2.4,5000,1,33,4,128,6.6,90,3,1,android,50,16
xiaomi,Xiaomi Redmi Note 11T 5G,16999,YES,NO,YES,dimensity,8,2.4,5000,1,33,6,64,6.6,90,2,1,android,50,16
vivo,Vivo X80 Pro 5G,79999,YES,YES,NO,snapdragon,8,3,4700,1,80,12,256,6.78,120,4,1,android,50,32
oppo,OPPO Reno 6 Pro 5G,36760,YES,YES,NO,dimensity,8,3,4500,1,65,12,256,6.55,90,4,1,android,64,32
xiaomi,Xiaomi Mi 11i 5G,23499,YES,NO,YES,dimensity,8,2.5,5160,1,67,6,128,6.67,120,3,1,android,108,16
asus,Asus ROG Phone 7,75990,YES,YES,NO,snapdragon,8,3.2,6000,1,120,18,256,6.8,165,3,1,android,64,32
oppo,Oppo A77 5G,21990,YES,NO,NO,snapdragon,8,2.4,5000,1,33,6,128,6.56,90,2,1,android,48,8
realme,Realme 9 5G SE,18999,YES,NO,NO,snapdragon,8,2.4,5000,1,30,6,128,6.6,144,3,1,android,48,16
samsung,Samsung Galaxy A03,7249,NO,NO,NO,unisoc,8,1.6,5000,1,15,3,32,6.5,60,2,1,android,48,5
oneplus,OnePlus Nord N200,16990,YES,YES,NO,snapdragon,8,2,5000,1,18,4,64,6.49,90,3,1,android,13,16
xiaomi,Xiaomi Mi 11X,23890,YES,NO,YES,snapdragon,8,3.2,4520,1,33,6,128,6.67,120,3,1,android,48,20
oppo,OPPO Reno 6,26380,YES,YES,NO,dimensity,8,2,4300,1,65,8,128,6.43,90,3,1,android,64,32
realme,Realme X50 Pro 5G (12GB RAM + 256GB),27999,YES,YES,NO,snapdragon,8,2.84,4200,1,65,12,256,6.44,90,4,2,android,64,32
xiaomi,Xiaomi Redmi 10A (6GB RAM + 128GB),10850,NO,NO,NO,helio,8,2,5000,0,,6,128,6.53,60,1,1,android,13,5
redmi,Redmi Note 12 Pro Speed Edition,19999,YES,YES,YES,snapdragon,8,2.4,5000,1,67,6,128,6.67,120,3,1,android,108,16
apple,Apple iPhone 14 Pro (256GB),129990,YES,YES,NO,bionic,6,,3200,1,,6,256,6.1,120,3,1,ios,48,12
motorola,Motorola Moto G72,19990,YES,YES,NO,snapdragon,8,2.2,5000,1,33,6,128,6.5,120,3,1,android,108,16
motorola,Motorola Moto X30 Pro,41990,YES,YES,NO,snapdragon,8,3.2,4450,1,125,8,128,6.67,144,3,1,android,200,60
xiaomi,Xiaomi 12S Ultra,69990,YES,YES,YES,snapdragon,8,3.2,4860,1,67,8,256,6.73,120,3,1,android,50,32
honor,Honor 70 5G,39990,YES,YES,NO,snapdragon,8,2.5,4800,1,66,12,512,6.67,120,3,1,android,54,32
oneplus,OnePlus 10 Pro 5G (12GB RAM + 512GB),74999,YES,YES,NO,snapdragon,8,3,5000,1,80,12,512,6.7,120,3,1,android,50,32
vivo,Vivo V23 Pro 5G (12GB RAM + 256GB),36994,YES,NO,NO,dimensity,8,3,4300,1,44,12,256,6.56,90,3,2,android,108,50
oppo,OPPO A55 4G (6GB RAM + 128GB),14700,NO,NO,NO,helio,8,2.3,5000,1,18,6,128,6.51,60,3,1,android,50,16
xiaomi,Xiaomi Mi 11T Pro 5G,34990,YES,YES,YES,snapdragon,8,2.84,5000,1,120,8,128,6.67,120,3,1,android,108,16
nokia,Nokia X50 5G,34999,YES,NO,NO,snapdragon,,,6000,1,33,6,64,6.81,60,4,1,android,108,32
xiaomi,Xiaomi Redmi Note 10,13990,NO,NO,YES,snapdragon,8,2.2,5000,1,33,4,64,6.43,60,4,1,android,48,13
vertu,Vertu Signature Touch,650000,NO,YES,NO,snapdragon,8,1.5,2275,0,,2,64,4.7,60,1,1,android,13,2.1
samsung,Samsung Galaxy M32 Prime Edition (6GB RAM + 128GB),14859,NO,NO,NO,helio,8,2,6000,1,15,6,128,6.4,90,4,1,android,64,20
tecno,Tecno Camon 19 Pro Mondrian Edition,17999,NO,YES,NO,helio,8,2.05,5000,1,33,8,128,6.8,120,3,1,android,64,32
poco,Poco F5,34990,YES,YES,NO,snapdragon,8,3.2,4700,1,67,8,128,6.7,120,3,1,android,64,32
blu,BLU F91 5G,14990,YES,YES,NO,dimensity,8,2.4,5000,1,,8,128,6.8,60,4,1,android,48,16
oppo,OPPO A16e,8999,NO,NO,NO,helio,8,2,4230,0,,3,32,6.52,60,1,1,android,13,5
motorola,Motorola Moto E32,8999,NO,NO,NO,helio,8,2.3,5000,1,10,4,64,6.5,90,2,1,android,50,8
xiaomi,Xiaomi Redmi Note 11S (8GB RAM + 128GB),15824,NO,NO,YES,helio,8,2.05,5000,1,33,8,128,6.43,90,4,1,android,108,16
apple,Apple iPhone SE 3 2022,43900,YES,YES,NO,bionic,6,3.22,,0,,4,64,4.7,60,1,1,ios,12,7
samsung,Samsung Galaxy A52 (8GB RAM + 128GB),22494,NO,NO,NO,snapdragon,8,2.3,4500,1,25,8,128,6.5,90,4,1,android,64,32
poco,Poco X3 Pro,19650,NO,NO,YES,snapdragon,8,2.96,5160,1,33,6,128,6.67,120,4,1,android,48,20
xiaomi,Xiaomi Redmi 9A,6999,NO,NO,NO,helio,8,2,5000,0,,2,32,6.53,60,1,1,android,13,5
samsung,Samsung Galaxy A32,16499,NO,NO,NO,helio,8,2,5000,1,15,6,128,6.4,90,4,1,android,64,20
motorola,Motorola Moto G13,15999,NO,YES,NO,helio,8,2,5000,1,10,4,128,6.5,90,3,1,android,50,8
asus,Asus ROG Phone 6 Batman Edition,72999,YES,YES,NO,dimensity,8,3.2,6000,1,65,16,256,6.78,165,3,1,android,50,12
xiaomi,Xiaomi Redmi Note 12 Pro Plus (6GB RAM + 128GB),26999,YES,NO,YES,dimensity,8,2.6,4980,1,120,6,128,6.67,120,3,1,android,200,16
infinix,Infinix Smart 6 HD,6999,NO,NO,NO,helio,4,2,5000,0,,2,32,6.6,60,2,1,android,8,5
apple,Apple iPhone 15 Pro,130990,YES,YES,NO,bionic,,,,0,,8,128,6.06,120,3,1,ios,50,12
realme,Realme C35 (4GB RAM + 128GB),12787,NO,NO,NO,tiger,8,1.8,5000,1,18,4,128,6.6,90,3,1,android,50,8
infinix,Infinix Hot 12,9999,NO,NO,NO,helio,8,2.3,6000,1,18,4,64,6.82,90,3,1,android,50,8
vivo,Vivo X80 5G,54999,YES,NO,NO,dimensity,8,3.05,4500,1,80,8,128,6.78,120,3,1,android,50,32
vivo,Vivo Y53s,15490,NO,NO,NO,helio,8,2,5000,1,19,8,128,6.58,60,3,1,android,64,16
tecno,Tecno Phantom X,25999,NO,NO,NO,helio,8,2.05,4700,1,33,8,256,6.7,90,3,2,android,50,48
samsung,Samsung Galaxy M04 (4GB RAM + 128GB),9499,NO,NO,NO,helio,8,2.3,5000,1,15,4,128,6.5,60,2,1,android,13,5
redmi,Redmi 12C,7999,NO,NO,NO,helio,8,2,5000,0,,4,64,6.71,60,2,1,android,50,5
asus,Asus ZenFone 9,63990,YES,YES,NO,snapdragon,8,3.2,4300,1,30,8,128,5.9,120,2,1,android,50,12
sony,Sony Xperia L5 5G,15990,NO,YES,NO,helio,8,2.3,4000,1,,4,64,6.2,60,3,1,android,13,8
iqoo,iQOO 9 SE 5G (12GB RAM + 256GB),34949,YES,YES,NO,snapdragon,8,2.84,4500,1,66,12,256,6.62,120,3,1,android,48,16
tecno,Tecno Spark 8 Pro,8799,NO,NO,NO,helio,8,2,5000,1,33,4,64,6.8,60,3,1,android,48,8
xiaomi,Xiaomi Redmi 10 Prime,12390,NO,NO,YES,helio,8,2,6000,1,18,4,64,6.5,90,4,1,android,50,8
samsung,Samsung Galaxy F22,11499,NO,NO,NO,helio,8,2,6000,0,,4,64,6.4,90,4,1,android,48,13
xiaomi,Xiaomi Mi Mix Alpha,199990,YES,NO,NO,snapdragon,8,2.96,4050,1,40,12,512,7.92,60,3,,android,108,
oppo,OPPO Reno 10 Pro,42990,YES,YES,NO,dimensity,8,3.05,5000,1,120,16,256,6.73,120,2,1,android,50,32
nubia,Nubia Z50,34999,YES,YES,NO,snapdragon,8,3.2,5000,1,80,8,128,6.67,144,3,1,android,64,16
samsung,Samsung Galaxy F13 (4GB RAM + 128GB),11999,NO,YES,NO,exynos,8,2,6000,1,15,4,128,6.6,60,3,1,android,50,8
nokia,Nokia G11 Plus,10499,NO,NO,NO,unisoc,8,1.6,5000,1,10,4,64,6.52,90,2,1,android,50,8
infinix,Infinix Hot 12 Play,8910,NO,NO,NO,tiger,8,1.82,6000,1,18,4,64,6.82,90,2,1,android,13,8
vivo,Vivo T2 5G,24990,YES,NO,NO,snapdragon,8,3.2,4700,1,80,8,128,6.62,120,3,1,android,64,16
oppo,OPPO Reno7 Z 5G,17999,YES,YES,NO,snapdragon,8,2.2,4500,1,33,8,128,6.43,60,3,1,android,64,16
xiaomi,Xiaomi Mi 11 Lite NE 5G (8GB RAM + 128GB),22999,YES,YES,YES,snapdragon,8,2.4,4250,1,33,8,128,6.55,90,3,1,android,64,20
realme,Realme Narzo 50i,6490,NO,NO,NO,unisoc,8,1.6,5000,0,,2,32,6.5,60,1,1,android,8,5
infinix,Infinix Zero X Pro,21990,YES,NO,NO,helio,8,2.05,4500,1,45,8,128,6.67,120,3,1,android,108,16
samsung,Samsung Galaxy M32,12364,NO,NO,NO,helio,8,2,6000,1,15,4,64,6.4,90,4,1,android,64,20
samsung,Samsung Galaxy A82 5G,39990,YES,YES,NO,snapdragon,8,2.96,4500,1,25,6,128,6.71,120,3,1,android,64,10
xiaomi,Xiaomi Poco F1,11999,NO,NO,NO,snapdragon,8,2.8,4000,1,,6,64,6.18,60,2,1,android,12,20
vivo,Vivo Y25,7499,NO,NO,NO,helio,4,1.3,1900,0,,1,16,4.5,60,1,1,android,5,2
lyf,Lyf Earth 1,3990,NO,NO,NO,snapdragon,8,1.5,3500,0,,3,32,5.5,60,2,1,android,13,5
motorola,Motorola Moto E13,10499,NO,NO,NO,tiger,8,2,5000,1,10,2,64,6.5,60,1,1,android,13,5
tecno,Tecno Pop 6 Pro,6299,NO,NO,NO,helio,4,2,5000,0,,2,32,6.56,60,2,1,android,8,5
itel,Itel A24 Pro,5990,NO,NO,NO,unisoc,4,1.4,3020,0,,2,32,5,60,1,1,android,2,0.3
vivo,Vivo X Fold Plus,113990,YES,YES,NO,snapdragon,8,3.2,4730,1,80,12,256,8.03,120,4,2,android,50,16
huawei,Huawei Mate 50 RS Porsche Design,239999,NO,YES,YES,snapdragon,8,3.2,4700,1,66,12,512,6.74,120,3,1,other,50,13
samsung,Samsung Galaxy F63,21999,YES,YES,NO,dimensity,8,2,7000,1,33,6,128,6.7,60,4,1,android,64,32
iqoo,iQOO Z6 4G (6GB RAM + 128GB),15999,NO,NO,NO,snapdragon,8,2.4,5000,1,44,6,128,6.44,120,3,1,android,50,16
sony,Sony Xperia 5 II,69990,YES,YES,NO,snapdragon,8,2.84,4000,1,21,8,128,6.1,120,3,1,android,12,8
vivo,Vivo Y3 (4GB RAM + 128GB),12990,NO,NO,NO,helio,8,2.3,5000,1,,4,128,6.35,60,3,1,android,13,16
sony,Sony Xperia 1 IV (12GB RAM + 512GB),92980,YES,YES,NO,snapdragon,8,3,5000,1,30,12,512,6.5,120,4,1,android,12,12
tecno,Tecno Pova 4 Pro,15999,NO,NO,NO,helio,8,2.2,6000,1,45,8,256,6.66,90,2,1,android,50,8
huawei,Huawei Nova 10 SE,23999,NO,YES,NO,snapdragon,8,2.4,4500,1,66,8,256,6.67,90,3,1,android,108,16
vivo,Vivo T1x (4GB RAM + 128GB),12999,NO,NO,NO,snapdragon,8,2.4,5000,1,18,4,128,6.58,90,2,1,android,50,8
nubia,Nubia Red Magic 7S Pro,60990,YES,YES,NO,snapdragon,8,3.2,5000,1,135,12,256,6.8,120,3,1,android,64,8
motorola,Motorola Moto E32s (4GB RAM + 64GB),8859,NO,NO,NO,helio,8,1.8,5000,1,18,4,64,6.5,90,3,1,android,16,8
iqoo,iQOO Neo 6 5G (12GB RAM + 256GB),33749,YES,NO,YES,snapdragon,8,3.2,4700,1,80,12,256,6.62,120,3,1,android,64,16
samsung,Samsung Galaxy A15,15990,NO,NO,NO,,8,,5000,1,,6,64,6.5,60,3,1,android,48,8
poco,POCO X4 GT 5G,24990,YES,YES,YES,dimensity,8,2.85,5080,1,67,8,128,6.6,144,3,1,android,64,16
realme,Realme Narzo 50 5G (4GB RAM + 128GB),14999,YES,NO,NO,dimensity,8,2.4,5000,1,33,4,128,6.6,90,3,1,android,48,16
vivo,Vivo Y77 5G,17990,YES,NO,NO,dimensity,8,2.2,4500,1,80,6,128,6.64,120,2,1,android,50,8
honor,Honor 60 SE 5G,24990,YES,NO,NO,dimensity,8,2,4300,1,66,8,128,6.67,120,3,1,android,64,16
xiaomi,Xiaomi Redmi 11 Prime,11600,NO,NO,YES,helio,8,2.2,5000,1,18,4,64,6.58,90,3,1,android,50,8
realme,Realme C31,8299,NO,NO,NO,tiger,8,1.82,5000,0,,3,32,6.52,60,3,1,android,13,5
motorola,Motorola Moto G31 (6GB RAM+ 128GB),11999,NO,NO,NO,helio,8,2,5000,1,20,6,128,6.47,60,3,1,android,50,13
samsung,Samsung Galaxy Z Flip 4 5G,89999,YES,YES,NO,snapdragon,8,3.2,3700,1,25,8,128,6.7,120,2,1,,12,10
oneplus,OnePlus 6 (8GB RAM + 128GB),27999,NO,YES,NO,snapdragon,8,2.8,3300,0,,8,128,6.28,60,2,1,android,20,16
google,Google Pixel 2 XL,15990,NO,YES,NO,snapdragon,8,2.35,3520,1,,4,128,6,60,1,1,android,12.2,8
xiaomi,Xiaomi Redmi A1 Plus,7289,NO,NO,NO,helio,4,2,5000,1,10,2,32,6.52,60,2,1,android,8,5
honor,Honor 70 5G (8GB RAM + 256GB),30990,YES,YES,NO,snapdragon,8,2.5,4800,1,66,8,256,6.67,120,3,1,android,54,32
realme,Realme Narzo 50 (6GB RAM + 128GB),15499,NO,NO,NO,helio,8,2,5000,1,33,6,128,6.6,120,3,1,android,50,16
vivo,Vivo Y15s,8499,NO,NO,NO,helio,8,2.3,5000,0,,3,32,6.51,60,2,1,android,13,8
samsung,Samsung Galaxy M32 (6GB RAM + 128GB),14490,NO,NO,NO,helio,8,2,6000,1,15,6,128,6.4,90,4,1,android,64,20
samsung,Samsung Galaxy F42 5G,15490,YES,NO,NO,dimensity,8,2.2,5000,1,15,6,128,6.6,90,3,1,android,64,8
realme,Realme Q5 5G,14990,YES,NO,NO,snapdragon,8,2.2,5000,1,60,6,128,6.6,120,3,1,android,50,16
poco,POCO M3 Pro 5G,15999,YES,NO,YES,dimensity,8,2.2,5000,1,18,4,64,6.5,90,3,1,android,48,8
google,Google Pixel 5,36000,YES,YES,NO,snapdragon,8,2.4,4080,1,18,8,128,6,90,2,1,android,16,8
oneplus,OnePlus 12 Pro,69999,YES,YES,NO,snapdragon,8,3.2,4800,1,150,12,256,6.73,144,3,1,android,108,32
xiaomi,Xiaomi Redmi Note 12 Discovery Edition,26990,YES,YES,YES,dimensity,8,2.6,4300,1,210,8,256,6.67,120,3,1,android,200,16
samsung,Samsung Galaxy M13 (4GB RAM + 64GB),10630,NO,NO,NO,exynos,8,2,6000,1,15,4,64,6.6,60,3,1,android,50,8
oppo,Oppo Reno 8 Pro (8GB RAM + 256GB),42990,YES,YES,NO,dimensity,8,2.85,4500,1,80,8,256,6.7,120,3,1,android,50,32
vivo,Vivo Y78 5G,24990,YES,NO,NO,dimensity,8,3,4500,1,,8,128,6.58,90,3,1,android,50,16
iqoo,iQOO Z6 4G,14489,NO,NO,NO,snapdragon,8,2.4,5000,1,44,4,128,6.44,120,3,1,android,50,16
oppo,OPPO A76,16490,NO,NO,NO,snapdragon,8,2.4,5000,1,33,6,128,6.56,90,2,1,android,13,8
realme,Realme 9 Pro Plus 5G (8GB RAM + 256GB),24494,YES,NO,NO,dimensity,8,2.5,4500,1,60,8,256,6.4,90,3,1,android,50,16
vivo,Vivo Y01,7999,NO,NO,NO,helio,8,2.3,5000,0,,2,32,6.51,60,1,1,android,8,5
motorola,Motorola Moto Edge S30 5G,23990,YES,NO,NO,snapdragon,8,2.9,5000,1,33,6,128,6.8,144,3,1,android,108,16
realme,Realme GT 2 Pro 5G,49959,YES,YES,NO,snapdragon,8,3,5000,1,65,8,128,6.7,120,3,1,android,50,32
apple,Apple iPhone 13 Pro (256GB),129900,YES,YES,NO,bionic,6,3.22,3095,1,,6,256,6.1,120,3,1,ios,12,12
vivo,Vivo Y73 2021,19990,NO,NO,NO,helio,8,2.05,4000,1,33,8,128,6.44,60,3,1,android,64,16
samsung,Samsung Galaxy F14,14990,NO,YES,NO,,8,,5000,1,25,4,64,6.62,60,3,1,android,50,16
vivo,Vivo V20,23269,NO,NO,NO,snapdragon,8,2.3,4000,1,33,8,128,6.44,60,3,1,android,64,44
xiaomi,Xiaomi Redmi Note 9 Pro,13999,NO,NO,YES,snapdragon,8,2.3,5020,1,18,4,64,6.67,60,4,1,android,48,16
oneplus,OnePlus 10R Prime Edition,35389,YES,YES,NO,dimensity,8,2.85,5000,1,80,8,128,6.7,120,3,1,android,50,16
google,Google Pixel 6 Pro (12GB RAM + 256GB),79700,YES,YES,NO,google,8,2.8,5003,1,30,12,256,6.71,120,3,1,android,50,11.1
nokia,Nokia C31,9499,NO,NO,NO,unisoc,8,1.6,5050,1,10,3,32,6.74,60,3,1,android,13,5
infinix,Infinix Hot 12 Pro (8GB RAM+ 128GB),12340,NO,NO,NO,tiger,8,2,5000,1,18,8,128,6.6,90,2,1,android,50,8
poco,Poco M5,10799,NO,NO,YES,helio,8,2.2,5000,1,18,4,64,6.58,90,3,1,android,50,8
xiaomi,Xiaomi Redmi 10C (4GB RAM + 128GB),14990,NO,NO,NO,snapdragon,8,2.4,6000,1,18,4,128,6.7,60,2,1,android,50,5
zte,ZTE Axon 40 Ultra 5G,61990,YES,YES,NO,snapdragon,8,3,5000,1,65,8,128,6.8,120,3,1,android,64,16
xiaomi,Xiaomi 12 Pro 5G (12GB RAM + 256GB),51880,YES,YES,YES,snapdragon,8,3,4600,1,120,12,256,6.73,120,3,1,android,50,32
oppo,OPPO K10 (8GB RAM + 128GB),16990,NO,NO,NO,snapdragon,8,2.4,5000,1,33,8,128,6.59,90,3,1,android,50,16
huawei,Huawei Nova 9 SE,19990,NO,YES,NO,snapdragon,8,2.4,4000,1,66,8,128,6.78,90,4,1,android,108,16
samsung,Samsung Galaxy S22 5G (8GB RAM + 256GB),57999,YES,YES,NO,snapdragon,8,3,3700,1,25,8,256,6.1,120,3,1,android,50,10
lenovo,Lenovo Legion Y90,46990,YES,YES,NO,snapdragon,8,3,5600,1,68,12,256,6.92,144,2,1,android,64,16
vivo,Vivo Y55 5G,20990,YES,YES,NO,dimensity,8,2.2,5000,1,18,4,128,6.58,60,3,1,android,50,8
nokia,Nokia X100 5G,17990,YES,YES,NO,snapdragon,8,2,4470,1,18,6,128,6.67,60,4,1,android,48,16
realme,Realme 8s 5G (8GB RAM + 128GB),17499,YES,NO,NO,dimensity,8,2.4,5000,1,33,8,128,6.5,90,3,1,android,64,16
realme,Realme 8s 5G,17999,YES,NO,NO,dimensity,8,2.4,5000,1,33,6,128,6.5,90,3,1,android,64,16
nokia,Nokia X60 Pro 5G,49990,YES,NO,NO,snapdragon,8,3.2,6000,1,44,8,128,6.51,144,4,1,android,200,32
poco,Poco X5,14999,YES,NO,YES,snapdragon,8,2.2,5000,1,33,4,128,6.67,120,3,1,android,48,8
xiaomi,Xiaomi Redmi Note 10 Pro Max (6GB RAM + 128GB),19980,NO,NO,YES,snapdragon,8,2.3,5020,1,33,6,128,6.67,120,4,1,android,108,16
iqoo,iQOO 7 (12GB RAM + 256GB),35990,YES,YES,NO,snapdragon,8,3.2,4400,1,66,12,256,6.62,120,3,1,android,48,16
realme,Realme 8,15999,NO,NO,NO,helio,8,2,5000,1,30,4,128,6.4,60,4,1,android,64,16
samsung,Samsung Galaxy S20,41999,NO,YES,NO,exynos,8,2.73,4000,1,25,8,128,6.2,120,3,1,android,64,10
xiaomi,Xiaomi Redmi K60E,25999,YES,YES,YES,dimensity,8,3.1,5500,1,67,8,128,6.67,120,3,1,android,48,20
motorola,Motorola Moto E32s,7990,NO,NO,NO,helio,8,1.8,5000,1,18,3,32,6.5,90,3,1,android,16,8
oneplus,OnePlus Nord 3T 5G,29990,YES,YES,NO,dimensity,8,3,4500,1,80,8,128,6.43,90,3,1,android,50,32
oppo,OPPO F23 Pro Plus 5G,27990,YES,NO,NO,snapdragon,8,2.36,4500,1,65,8,128,6.43,90,4,1,android,50,16
poco,Poco F5 Pro,29999,YES,YES,YES,snapdragon,8,3.2,5500,1,67,8,128,6.67,120,3,1,android,64,16
oppo,OPPO A16e (4GB RAM + 64GB),8999,NO,NO,NO,helio,8,2,4230,0,,4,64,6.52,60,1,1,android,13,5
poco,POCO M4 Pro 4G (8GB RAM + 128GB),13999,NO,NO,YES,helio,8,2.05,5000,1,33,8,128,6.43,90,3,1,android,64,16
realme,Realme Narzo 50A,11499,NO,NO,NO,helio,8,2,6000,1,18,4,64,6.5,60,3,1,android,50,8
asus,Asus ROG Phone 5s 5G,39999,YES,YES,NO,snapdragon,8,2.9,6000,1,65,8,128,6.78,144,3,1,android,64,24
realme,Realme GT Master Edition 5G,27999,YES,YES,NO,snapdragon,8,2.4,4300,1,65,8,128,6.43,120,3,1,android,64,32
samsung,Samsung Galaxy A32 5G,24499,YES,YES,NO,dimensity,8,2,5000,1,15,6,128,6.5,90,4,1,android,48,13
nubia,Nubia Red Magic 8 Pro Plus,60999,YES,YES,NO,snapdragon,8,3.2,5000,1,165,12,256,6.8,120,3,1,android,50,16
samsung,Samsung Galaxy Z Fold 3,110999,YES,YES,NO,snapdragon,8,2.84,4400,1,25,12,256,7.6,120,3,2,android,12,10
lg,LG Wing 5G,54999,YES,YES,NO,snapdragon,8,2.4,4000,1,,8,128,6.8,60,3,1,,64,32
xiaomi,Xiaomi Redmi Note 9 Pro Max,16490,NO,NO,YES,snapdragon,8,2.3,5020,1,33,6,64,6.67,60,4,1,android,64,32
samsung,Samsung Galaxy A52,24990,NO,NO,NO,snapdragon,8,2.3,4500,1,25,6,128,6.5,90,4,1,android,64,32
vivo,Vivo Y71,25000,NO,NO,NO,snapdragon,4,1.4,3360,0,,3,16,6,60,1,1,android,13,5
samsung,Samsung Galaxy A04e (3GB RAM + 64GB),9950,NO,NO,NO,helio,8,2.3,5000,0,,3,64,6.5,60,2,1,android,13,5
oppo,Oppo A56s,12999,YES,NO,NO,dimensity,8,2.4,5000,0,,8,128,6.56,60,2,1,android,13,8
oppo,Oppo Reno 8T 4G,19999,NO,YES,NO,helio,8,2.2,5000,1,66,8,256,6.67,120,3,1,android,50,16
oppo,OPPO Reno 10,32999,YES,YES,NO,snapdragon,8,2.5,5000,1,120,8,256,6.73,120,3,1,android,50,32
nokia,Nokia G60,28498,YES,YES,NO,snapdragon,8,2.2,4500,1,20,6,128,6.58,120,3,1,android,50,8
oppo,OPPO A77 (4GB RAM + 128 GB),15998,NO,NO,NO,helio,8,2.3,5000,1,33,4,128,6.56,60,2,1,android,50,8
motorola,Motorola Edge 40 Pro 5G,59990,YES,YES,NO,snapdragon,8,3.2,4800,1,125,8,128,6.7,165,3,1,android,50,60
oppo,Oppo K10x 5G,16990,YES,NO,NO,snapdragon,8,2.2,5000,1,67,6,128,6.59,120,3,1,android,64,16
iqoo,iQOO Z6 Pro 5G (12GB RAM + 256GB),27999,YES,NO,NO,snapdragon,8,2.4,4700,1,66,12,256,6.44,90,3,1,android,64,16
nokia,Nokia G21 (6GB RAM + 128GB),13499,NO,NO,NO,unisoc,8,1.6,5050,1,18,6,128,6.5,90,3,1,android,50,8
samsung,Samsung Galaxy A13 (6GB RAM + 128GB),16499,NO,NO,NO,,8,2,5000,1,25,6,128,6.6,60,4,1,android,50,8
oppo,OPPO A16K (4GB RAM + 64GB),10999,NO,NO,NO,helio,8,2.3,4230,0,,4,64,6.52,60,1,1,android,13,5
xiaomi,Xiaomi Redmi 10C,13990,NO,NO,NO,snapdragon,8,2.4,6000,1,18,4,64,6.7,60,2,1,android,50,5
tecno,Tecno Spark 9 Pro,9999,NO,NO,NO,helio,8,2,5000,1,18,4,64,6.6,90,3,1,android,48,32
realme,Realme GT Neo 3 5G,31994,YES,YES,NO,dimensity,8,2.85,5000,1,80,8,128,6.7,120,3,1,android,50,16
xiaomi,Xiaomi 11i HyperCharge 5G,24820,YES,NO,YES,dimensity,8,2.5,4500,1,120,6,128,6.67,120,3,1,android,108,16
iqoo,iQOO Neo 6 SE 5G,22990,YES,NO,NO,snapdragon,8,3.2,4700,1,80,8,128,6.62,120,3,1,android,64,16
iqoo,iQOO 9 Pro 5G,59990,YES,YES,NO,snapdragon,8,3,4700,1,120,8,256,6.78,120,3,1,android,50,16
realme,Realme Narzo 50i (4GB RAM + 64GB),8999,NO,NO,NO,unisoc,8,1.6,5000,0,,4,64,6.5,60,1,1,android,8,5
xiaomi,Xiaomi Redmi 9 Activ (6GB RAM + 128GB),10499,NO,NO,NO,helio,8,2.3,5000,0,,6,128,6.53,60,2,1,android,13,5
jio,Jio JioPhone Next (3GB RAM + 32GB),7499,NO,NO,NO,snapdragon,4,1.3,3000,0,,3,32,5.5,60,1,1,android,13,8
xiaomi,Xiaomi Redmi Note 8 2021,9990,NO,NO,YES,helio,8,2,4000,1,18,4,64,6.3,60,4,1,android,48,13
xiaomi,Xiaomi Redmi Note 10 5G,12490,YES,NO,YES,dimensity,8,2.2,5000,1,18,4,128,6.5,90,3,1,android,48,8
vivo,Vivo Y20G,13990,NO,NO,NO,helio,8,2,5000,1,18,4,64,6.51,60,3,1,android,13,8
samsung,Samsung Galaxy A22 5G,17990,YES,NO,NO,dimensity,8,2.2,5000,1,15,6,128,6.6,90,3,1,android,48,8
vivo,Vivo V21,24999,NO,NO,NO,dimensity,8,2.4,4000,1,33,8,128,6.44,90,3,1,android,64,44
realme,Realme 7 Pro (8GB RAM + 128GB),21999,NO,NO,NO,snapdragon,8,2.3,4500,1,65,8,128,6.4,60,4,1,android,64,32
oneplus,OnePlus Nord Lite,19999,NO,NO,NO,snapdragon,8,2,4300,1,30,8,128,6.55,90,3,1,android,48,16
samsung,Samsung Galaxy S20 Ultra 5G,99999,YES,YES,NO,exynos,8,2.73,5000,1,45,12,128,6.9,60,4,1,android,108,40
apple,Apple iPhone 11 Pro Max,109900,NO,YES,NO,bionic,6,2.65,3500,1,18,4,64,6.5,60,3,1,ios,12,12
apple,Apple iPhone 7s,52990,NO,NO,NO,fusion,4,2.37,2230,0,,3,32,4.7,60,1,1,ios,13,7
sony,Sony Xperia Ace IV,19990,NO,YES,NO,snapdragon,8,2,5000,1,33,8,128,6.5,120,2,1,android,50,16
samsung,Samsung Galaxy A04e (4GB RAM + 128GB),11499,NO,NO,NO,helio,8,2.3,5000,0,,4,128,6.5,60,2,1,android,13,5
xiaomi,Xiaomi Redmi Note 12 4G,13999,NO,NO,YES,helio,8,2.2,5000,1,33,4,64,6.67,120,3,1,android,48,13
oukitel,Oukitel WP21,22990,NO,NO,NO,helio,8,2.2,9800,1,66,12,256,6.78,120,3,1,,64,
vivo,Vivo V28,28990,YES,NO,NO,snapdragon,8,2.2,5000,1,80,8,256,6.7,120,3,1,android,108,32
poco,Poco F4 5G (8GB RAM + 128GB),27999,YES,YES,NO,snapdragon,8,3.2,4500,1,67,8,128,6.67,120,3,1,android,64,20
xiaomi,Xiaomi Redmi Note 11T Pro 5G,19990,YES,YES,YES,dimensity,8,2.85,5080,1,67,6,128,6.6,144,3,1,android,64,16
realme,Realme Narzo 50 Pro 5G (8GB RAM + 128GB),22999,YES,NO,NO,dimensity,8,2.5,5000,1,33,8,128,6.4,90,3,1,android,48,16
vivo,Vivo T1 44W (8GB RAM + 128GB),17999,NO,NO,NO,snapdragon,8,2.4,5000,1,44,8,128,6.44,60,3,1,android,50,16
xiaomi,Xiaomi Redmi Note 11S (6GB RAM + 128GB),15499,NO,NO,YES,helio,8,2.05,5000,1,33,6,128,6.43,90,4,1,android,108,16
lava,Lava Agni 5G,17990,YES,NO,NO,dimensity,8,2.4,5000,1,30,8,128,6.78,90,4,1,android,64,16
realme,Realme 8i (6GB RAM + 128GB),13999,NO,NO,NO,helio,8,2.05,5000,1,18,6,128,6.6,120,3,1,android,50,16
oppo,OPPO A55 4G,13499,NO,NO,NO,helio,8,2.3,5000,1,18,4,64,6.51,60,3,1,android,50,16
poco,POCO M3 Pro 5G (6GB RAM + 128GB),14799,YES,NO,YES,dimensity,8,2.2,5000,1,18,6,128,6.5,90,3,1,android,48,8
realme,Realme C21Y,6999,NO,NO,NO,unisoc,8,1.8,5000,0,,3,32,6.5,60,3,1,android,13,5
oppo,OPPO A16,11999,NO,NO,NO,helio,8,2.3,5000,0,,4,64,6.52,60,3,1,android,13,8
vivo,Vivo V21 5G,23994,YES,NO,NO,dimensity,8,2.4,4000,1,33,8,128,6.44,90,3,1,android,64,44
apple,Apple iPhone 12 Pro (512GB),139900,YES,YES,NO,bionic,6,3.1,,0,,6,512,6.1,60,3,1,ios,12,12
sony,Sony Xperia 1 II,69999,YES,YES,NO,snapdragon,8,2.84,4000,1,21,8,256,6.5,60,4,1,android,12,8
motorola,Motorola Edge Plus,57999,YES,YES,NO,snapdragon,8,2.84,5000,1,18,12,256,6.7,90,3,1,android,108,25
samsung,Samsung Galaxy Note 20,86000,NO,YES,NO,exynos,8,2.73,4300,1,25,8,256,6.7,60,3,1,android,64,10
samsung,Samsung Galaxy A12,11999,NO,NO,NO,helio,8,2.3,5000,1,15,4,64,6.5,60,4,1,android,48,8
xiaomi,Xiaomi Redmi Note 12 Pro 4G,14999,NO,YES,YES,snapdragon,8,2.3,5000,1,67,6,128,6.67,120,3,1,android,50,16
realme,Realme GT Neo 3T (8GB RAM + 128GB),26499,YES,NO,NO,snapdragon,8,3.2,5000,1,80,8,128,6.62,120,3,1,android,64,16
realme,Realme C30s (4GB RAM + 64GB),8990,NO,NO,NO,unisoc,8,1.6,5000,1,10,4,64,6.5,60,1,1,android,8,5
apple,Apple iPhone 14 (512GB),95999,YES,YES,NO,bionic,6,3.22,3279,1,,6,512,6.1,60,2,1,ios,12,12
iqoo,iQOO 9T 5G,47990,YES,YES,YES,snapdragon,8,3.2,4700,1,120,8,128,6.78,120,3,1,android,50,16
tecno,Tecno Camon 19 Pro,17990,NO,NO,NO,helio,8,2.05,5000,1,33,8,128,6.8,120,3,1,android,64,32
oneplus,OnePlus Nord 2 Lite 5G,22999,YES,YES,NO,snapdragon,8,2.2,5000,1,33,8,128,6.59,120,3,1,android,64,16
samsung,Samsung Galaxy S22 Ultra 5G (8GB RAM + 128GB),99990,YES,YES,NO,snapdragon,8,3,5000,1,45,8,128,6.8,120,4,1,android,108,40
poco,POCO F4 GT 5G,39999,YES,YES,YES,snapdragon,8,3,4700,1,120,8,128,6.67,120,3,1,android,64,20
xiaomi,Xiaomi 11T Pro 5G (12GB RAM + 256GB),38999,YES,YES,YES,snapdragon,8,2.84,5000,1,120,12,256,6.67,120,3,1,android,108,16
vivo,Vivo Y10,12490,NO,NO,NO,helio,8,2.3,5000,0,,4,128,6.51,60,2,1,android,13,8
samsung,Samsung Galaxy A83 5G,39990,YES,YES,NO,snapdragon,8,3.2,4500,1,25,6,128,6.71,120,3,1,android,64,10
vivo,Vivo Y33s,16685,NO,NO,NO,helio,8,2,5000,1,18,8,128,6.58,60,3,1,android,50,16
huawei,Huawei Mate 40 Pro 4G,69990,NO,YES,YES,kirin,8,3.13,4400,1,66,8,128,6.76,90,3,2,other,50,13
micromax,Micromax IN 2B,6999,NO,NO,NO,unisoc,8,1.8,5000,0,,4,64,6.52,60,2,1,android,13,5
asus,Asus ROG Phone 6,71999,YES,YES,NO,snapdragon,8,3.2,6000,1,65,12,256,6.78,165,3,1,android,50,12
realme,Realme X7 Max,26999,YES,YES,NO,dimensity,8,3,4500,1,50,8,128,6.43,120,3,1,android,64,16
realme,Realme 8 5G,16499,YES,NO,NO,dimensity,8,2.2,5000,1,18,4,128,6.5,90,3,1,android,48,16
oppo,OPPO A55 5G,17990,YES,NO,NO,dimensity,8,2.2,5000,0,,6,128,6.5,60,3,1,android,13,8
xiaomi,Xiaomi Redmi 9,8999,NO,NO,NO,helio,8,2.3,5000,0,,4,64,6.53,60,2,1,android,13,5
apple,Apple iPhone SE 2020,39900,NO,YES,NO,bionic,6,2.65,1821,1,18,3,64,4.7,60,1,1,ios,12,7
letv,Letv Y1 Pro Plus,5999,NO,NO,NO,tiger,4,1.8,4000,1,10,6,64,6.5,60,2,1,android,8,5
oneplus,OnePlus Nord 5,34999,YES,YES,NO,dimensity,8,,5000,1,120,8,128,6.57,120,3,1,android,64,32
vivo,Vivo Y73T,16990,YES,NO,NO,dimensity,8,2,6000,1,44,8,128,6.58,60,2,1,android,50,8
oppo,OPPO Reno 9 Z,22990,YES,YES,NO,snapdragon,8,2.2,4800,1,33,8,128,6.58,120,3,1,android,50,32
vivo,Vivo V25e,19990,NO,NO,NO,helio,8,2.2,4500,1,44,8,256,6.44,90,3,1,android,64,32
infinix,Infinix Hot 12 Pro,10850,NO,NO,NO,tiger,8,2,5000,1,18,6,64,6.6,90,2,1,android,50,8
realme,Realme Narzo 50 5G (4GB RAM + 64GB),13499,YES,NO,NO,dimensity,8,2.4,5000,1,33,4,64,6.6,90,3,1,android,48,16
itel,itel Vision 3,6699,NO,NO,NO,unisoc,8,1.6,5000,1,18,3,64,6.6,60,2,1,android,8,5
oppo,OPPO A96 4G,17999,NO,NO,NO,snapdragon,8,2.4,5000,1,33,8,128,6.59,90,2,1,android,50,16
xiaomi,Xiaomi Redmi Note 11E 5G,13990,YES,NO,YES,dimensity,8,2.2,5000,1,18,4,128,6.58,90,2,1,android,50,5
honor,Honor Magic 4 Pro Plus 5G,94990,YES,YES,NO,snapdragon,8,3,4600,1,120,12,512,6.76,120,4,2,android,50,13
tecno,Tecno Spark 9T,8968,NO,NO,NO,helio,8,2.3,5000,1,18,4,64,6.6,60,3,1,android,50,8
infinix,Infinix Smart 6,7320,NO,NO,NO,helio,4,2,5000,0,,2,64,6.6,60,2,1,android,8,5
realme,Realme C25Y (4GB RAM + 64GB),8999,NO,NO,NO,tiger,8,1.8,5000,1,18,4,64,6.5,60,3,1,android,50,8
samsung,Samsung Galaxy A12 (6GB RAM + 128GB),13999,NO,NO,NO,helio,8,2.3,5000,1,15,6,128,6.5,60,4,1,android,48,8
tecno,Tecno Camon 19,14746,NO,YES,NO,helio,8,2,5000,1,18,6,128,6.8,60,3,1,android,64,16
xiaomi,Xiaomi Redmi Note 10 Pro 5G,16999,YES,YES,YES,dimensity,8,2.6,5000,1,67,6,128,6.6,120,3,1,android,64,16
xiaomi,Xiaomi Mi 11X 5G (8GB RAM + 128GB),25990,YES,NO,YES,snapdragon,8,3.2,4520,1,33,8,128,6.67,120,3,1,android,48,20
xiaomi,Xiaomi Redmi Note 10 (6GB RAM + 128GB),16499,NO,NO,YES,snapdragon,8,2.2,5000,1,33,6,128,6.43,60,4,1,android,48,13
xiaomi,Xiaomi Redmi Note 10 Pro Max,19999,NO,NO,YES,snapdragon,8,2.3,5020,1,33,6,64,6.67,120,4,1,android,108,16
xiaomi,Xiaomi Mi 10T 5G,23500,YES,YES,NO,snapdragon,8,2.84,5000,1,33,6,128,6.67,144,3,1,android,64,20
lg,LG Velvet 5G,54999,YES,YES,NO,snapdragon,8,2.4,4300,1,25,6,128,6.8,60,3,1,android,48,16
motorola,Motorola One Fusion Plus,19499,NO,NO,NO,snapdragon,8,2.2,5000,1,18,6,128,6.5,60,4,1,android,64,16
lg,LG V60 ThinQ,79990,YES,YES,NO,snapdragon,8,2.84,5000,1,,8,128,6.8,60,3,1,,64,10
samsung,Samsung Galaxy Note 10 Lite,39999,NO,YES,NO,exynos,8,2.7,4500,1,25,6,128,6.7,60,3,1,android,12,32
samsung,Samsung Galaxy Note 10 Plus 5G,92999,YES,YES,YES,exynos,8,2.7,4300,1,,12,256,6.8,60,4,1,android,12,10
iqoo,iQOO Neo 7 Racing Edition,32990,YES,YES,YES,snapdragon,8,3.2,5000,1,120,8,256,6.78,120,3,1,android,50,16
samsung,Samsung Galaxy A04s (4GB RAM + 128GB),14499,NO,NO,NO,exynos,8,2,5000,1,15,4,128,6.5,90,3,1,android,50,5
vivo,Vivo Y35 5G,13999,YES,NO,NO,dimensity,8,2.2,5000,1,15,4,128,6.51,60,2,1,android,13,5
vivo,Vivo Y02 (2GB RAM + 32GB),7999,NO,NO,NO,helio,8,,5000,1,10,2,32,6.51,60,1,1,android,8,5
itel,itel Vision 3 (2GB RAM + 32GB),5785,NO,NO,NO,unisoc,8,1.6,5000,1,18,2,32,6.6,60,2,1,android,8,5
xiaomi,Xiaomi Redmi Note 11R,12990,YES,NO,YES,dimensity,8,2.2,5000,1,18,4,128,6.58,90,2,1,android,13,5
poco,Poco M6 Pro,19990,YES,NO,YES,dimensity,8,2.5,5100,1,120,8,128,6.73,120,3,1,android,108,32
oppo,OPPO A97 5G,23990,YES,NO,NO,dimensity,8,2.4,5000,1,33,12,256,6.56,90,2,1,android,48,8
samsung,Samsung Galaxy A24,17999,NO,NO,NO,exynos,8,1.8,4000,1,15,6,64,6.4,60,3,1,android,48,16
infinix,Infinix Note 13 Pro,16999,NO,NO,NO,helio,8,2.2,5000,1,120,6,128,6.91,60,4,1,android,108,16
honor,Honor Play 30,9999,YES,NO,NO,snapdragon,8,2.2,5000,0,,4,128,6.5,60,1,1,android,13,5
infinix,Infinix Smart 6 Plus,8299,NO,NO,NO,helio,8,2,5000,0,,3,64,6.82,60,2,1,android,8,5
sony,Sony Xperia 5 IV 5G,82199,YES,YES,NO,snapdragon,8,3,5000,1,30,8,256,6.1,120,3,1,android,12,12
nubia,Nubia Z40 Pro 5G,49990,YES,YES,NO,snapdragon,8,3,5000,1,80,8,128,6.67,144,3,1,android,64,16
nokia,Nokia G21,11999,NO,NO,NO,unisoc,8,1.6,5050,1,18,4,64,6.5,90,3,1,android,50,8
xiaomi,Xiaomi 12 Lite 5G,29990,YES,YES,NO,snapdragon,8,2.4,4300,1,67,6,128,6.55,120,3,1,android,108,32
oppo,Oppo Find N 5G,92249,YES,YES,NO,snapdragon,8,2.84,4500,1,33,8,256,7.1,120,3,1,android,50,32
apple,Apple iPhone 13 Pro Max (256GB),139900,YES,YES,NO,bionic,6,3.22,4352,1,,6,256,6.7,120,3,1,ios,12,12
vivo,Vivo Y21s,14990,NO,NO,NO,helio,8,2,5000,1,18,4,128,6.51,60,3,1,android,50,8
oppo,OPPO F19s,15988,NO,NO,NO,snapdragon,8,2,5000,1,33,6,128,6.43,60,3,1,android,48,16
samsung,Samsung Galaxy M21 2021,11725,NO,NO,NO,exynos,8,2.3,6000,1,15,4,64,6.4,60,3,1,android,48,20
oppo,OPPO F19 Pro,17994,NO,NO,NO,helio,8,2.2,4310,1,30,8,128,6.43,60,4,1,android,48,16
oppo,OPPO X 2021,134999,NO,NO,NO,snapdragon,8,2.84,4000,1,45,8,256,7.4,60,3,1,android,64,16
oneplus,OnePlus Nord N10,25595,YES,YES,NO,snapdragon,8,2,4300,1,30,6,128,6.49,90,4,1,android,64,16
gionee,Gionee M12 Pro,7499,NO,NO,NO,helio,8,1.99,4000,0,,6,128,6.2,60,1,1,android,16,13
poco,Poco M2,10890,NO,NO,YES,helio,8,2,5000,1,18,6,64,6.53,60,4,1,android,13,8
oppo,OPPO F17 Pro,18990,NO,NO,NO,helio,8,2.2,4015,1,30,8,128,6.43,60,4,2,android,48,16
motorola,Motorola Moto G 5G,19990,YES,YES,NO,snapdragon,8,2.2,5000,1,20,6,128,6.67,60,3,1,android,48,16
samsung,Samsung Galaxy A50s,15990,NO,YES,NO,exynos,8,2.3,4000,1,15,4,128,6.4,60,3,1,android,48,32
samsung,Samsung Galaxy Note 10 Plus,58999,NO,YES,NO,exynos,8,2.73,4300,1,45,12,256,6.8,60,4,1,android,12,10
vivo,Vivo Y15,12500,NO,NO,NO,helio,8,2,5000,0,,4,64,6.35,60,3,1,android,13,16
vivo,Vivo S1 Pro,29999,NO,NO,NO,snapdragon,8,2,4500,1,18,8,128,6.38,60,4,1,android,48,32
vivo,Vivo T3 Pro,31990,YES,NO,NO,snapdragon,8,2.7,4700,1,80,8,256,6.67,120,3,1,android,64,32
vivo,Vivo V21s,29999,YES,YES,NO,dimensity,8,2.4,4000,1,33,8,128,6.44,90,3,1,android,64,44
asus,Asus ROG Phone 6D Ultimate,107990,YES,YES,NO,dimensity,8,3.2,6000,1,65,16,512,6.78,165,3,1,,50,12
motorola,Motorola Moto Edge 30 Neo,31990,YES,YES,NO,snapdragon,8,2.2,4020,1,68,8,128,6.28,120,2,1,android,64,32
xiaomi,Xiaomi 12T,48990,YES,YES,YES,dimensity,8,2.85,5000,1,120,8,128,6.67,120,3,1,android,108,20
huawei,Huawei Mate 50 Pro 5G,99990,YES,YES,NO,kirin,8,3.13,4500,1,66,8,256,6.76,120,3,1,other,64,13
realme,Realme C32,9499,NO,NO,NO,tiger,8,1.82,5000,0,,4,64,6.52,60,3,1,android,13,5
huawei,Huawei Mate Xs 2,162990,NO,YES,YES,snapdragon,8,2.84,4600,1,66,8,512,7.8,120,3,1,,50,10.7
iqoo,iQOO Z7 Pro 5G,24999,YES,NO,NO,snapdragon,8,2.36,5000,1,67,6,128,6.62,144,3,1,android,50,16
apple,Apple iPhone 15,82990,NO,YES,NO,bionic,,,3285,1,,6,128,6.06,60,2,1,ios,50,13
infinix,Infinix Note 11S (8GB RAM + 128GB),15999,NO,NO,NO,helio,8,2.05,5000,1,33,8,128,6.95,120,3,1,android,50,16
tecno,Tecno Spark 8 (4GB RAM + 64GB),8999,NO,NO,NO,helio,8,1.8,5000,0,,4,64,6.52,60,2,1,android,16,8
oppo,Oppo A56 5G,17990,YES,NO,NO,dimensity,8,2.2,5000,0,,6,128,6.5,60,2,1,android,13,8
vivo,Vivo X80 Pro Plus 5G,82990,YES,YES,NO,snapdragon,8,3.2,4500,1,120,12,256,6.78,120,4,1,android,50,32
xiaomi,Xiaomi Redmi 10 Prime (6GB RAM + 128GB),12999,NO,NO,YES,helio,8,2,6000,1,18,6,128,6.5,90,4,1,android,50,8
huawei,Huawei Nova 9,29990,NO,YES,NO,snapdragon,8,2.4,4300,1,66,8,128,6.57,120,4,1,other,50,32
tecno,Tecno Pop 5 Go,6999,NO,NO,NO,spreadtrum,4,1.3,4000,0,,1,16,6.1,60,2,1,android,5,5
huawei,Huawei P50 Pro 4G,60999,NO,YES,YES,snapdragon,8,2.84,4360,1,66,8,256,6.6,120,4,1,other,50,13
xiaomi,Xiaomi Redmi K50 5G,27990,YES,YES,YES,dimensity,8,2.85,5500,1,67,8,128,6.67,120,3,1,android,48,20
nokia,Nokia C01 Plus,5249,NO,NO,NO,unisoc,8,1.6,3000,0,,2,16,5.45,60,1,1,android,5,5
realme,Realme Q3,14999,YES,NO,NO,snapdragon,8,2.2,5000,1,30,6,128,6.5,120,3,1,android,48,16
oppo,OPPO Reno 6 Pro Plus 5G,44990,YES,YES,NO,snapdragon,8,3.2,4500,1,65,8,128,6.55,90,4,1,android,50,32
motorola,Motorola Edge S,22490,YES,YES,NO,snapdragon,8,3.2,5000,1,20,6,128,6.7,90,4,2,android,64,16
oppo,Oppo Find X3 Pro,50990,YES,YES,NO,snapdragon,8,2.84,4500,1,65,12,256,6.7,120,4,1,android,50,32
poco,Poco M3,11499,NO,NO,YES,snapdragon,8,2,6000,1,18,6,64,6.53,60,3,1,android,48,8
itel,itel S16,5990,NO,NO,NO,unisoc,4,1.3,4000,0,,1,16,6.5,60,3,1,android,8,8
vivo,Vivo V20 Pro,27000,YES,NO,NO,snapdragon,8,2.4,4000,1,33,8,128,6.44,60,3,2,android,64,44
xiaomi,Xiaomi Mi 10T Pro 5G,29999,YES,YES,YES,snapdragon,8,2.84,5000,1,33,8,128,6.67,144,3,1,android,108,20
vivo,Vivo V19 (8GB RAM + 256GB),27990,NO,NO,NO,snapdragon,8,2.3,4500,1,33,8,256,6.44,60,4,2,android,48,32
samsung,Samsung Galaxy S20 5G,74999,YES,YES,NO,exynos,8,2.73,4000,1,25,8,128,6.2,60,3,1,android,64,10
vivo,Vivo U3,9990,NO,NO,NO,snapdragon,8,2,5000,1,18,4,64,6.53,60,3,1,android,16,16
oppo,Oppo K5 (8GB RAM + 128GB),19990,NO,NO,NO,snapdragon,8,2.2,4000,1,30,8,128,6.4,60,4,1,android,64,32
realme,Realme XT,13279,NO,NO,NO,snapdragon,8,2.3,4000,1,20,4,64,6.4,60,4,1,android,64,16
vivo,Vivo Y12 (3GB RAM + 64GB),11000,NO,NO,NO,helio,8,2,5000,0,,3,64,6.35,60,3,1,android,13,8
xiaomi,Xiaomi Poco F1 (6GB RAM + 128GB),12999,NO,NO,NO,snapdragon,8,2.8,4000,1,,6,128,6.18,60,2,1,android,12,20
poco,Poco C50 (3GB RAM + 32GB),7299,NO,NO,NO,helio,4,2,5000,1,10,3,32,6.52,60,2,1,android,8,5
ikall,iKall Z19,7999,NO,NO,NO,,4,1.6,5000,0,,4,32,6.5,60,1,1,android,20,13
xiaomi,Xiaomi Redmi K60 Gaming Edition,54990,YES,YES,YES,snapdragon,8,3.2,5000,1,67,8,128,6.73,120,3,1,android,50,20
vivo,Vivo S17 Pro,49990,YES,YES,NO,dimensity,8,,5000,1,120,12,256,6.67,120,3,1,android,50,32
honor,Honor 80 Pro Plus,54990,YES,YES,NO,snapdragon,8,3,4500,1,100,12,256,6.78,120,3,1,android,200,50
apple,Apple iPhone SE 4,49990,YES,YES,NO,bionic,6,3.22,,0,,4,64,6.1,60,1,1,ios,12,10.8
tecno,Tecno Pova Neo 5G,15499,NO,NO,NO,dimensity,8,2.4,6000,1,18,4,128,6.8,120,2,1,android,50,8
apple,Apple iPhone 14 Pro Max (512GB),169900,YES,YES,NO,bionic,6,,4323,1,,6,512,6.7,120,3,1,ios,48,12
google,Google Pixel 8,53990,YES,YES,NO,google,8,,4830,1,67,8,128,6.6,120,2,1,android,50,10.1
vivo,Vivo T2x 5G,18990,YES,NO,NO,dimensity,8,3,6000,1,44,8,128,6.58,120,2,1,android,50,16
motorola,Motorola Moto G52 5G,16999,YES,YES,NO,snapdragon,8,2.2,5000,1,33,4,64,6.6,90,3,1,android,50,16
motorola,Motorola Edge 40 5G,34999,YES,YES,NO,snapdragon,8,2.36,4200,1,67,8,128,6.5,144,3,1,android,50,32
vivo,Vivo X Note 5G (12GB RAM + 512GB),82990,YES,YES,YES,snapdragon,8,3,5000,1,80,12,512,7,120,4,1,android,50,16
realme,Realme GT 2 Pro 5G (12GB RAM + 256GB),46999,YES,YES,NO,snapdragon,8,3,5000,1,65,12,256,6.7,120,3,1,android,50,32
vivo,Vivo Y15C,8499,NO,NO,NO,helio,8,2.3,5000,0,,3,32,6.51,60,2,1,android,13,8
honor,Honor X8,16999,NO,NO,NO,snapdragon,8,2.4,4000,1,22,6,128,6.7,90,4,1,android,64,16
samsung,Samsung Galaxy A03 (4GB RAM + 64GB),11499,NO,NO,NO,unisoc,8,1.6,5000,1,15,4,64,6.5,60,2,1,android,48,5
samsung,Samsung Galaxy S22 Plus 5G (8GB RAM + 256GB),88999,YES,YES,NO,snapdragon,8,3,4500,1,45,8,256,6.6,120,3,1,android,50,10
vivo,Vivo Y33T,15990,NO,NO,NO,snapdragon,8,2.4,5000,1,18,8,128,6.58,90,3,1,android,50,16
xiaomi,Xiaomi 11i 5G (8GB RAM + 128GB),24990,YES,NO,YES,dimensity,8,2.5,5160,1,67,8,128,6.67,120,3,1,android,108,16
oppo,Oppo Find X5 Pro 5G,79990,YES,YES,NO,snapdragon,8,3,5000,1,80,8,256,6.7,120,3,1,android,50,32
tecno,Tecno Spark Go 2022,6249,NO,NO,NO,,8,2.2,5000,0,,2,32,6.51,60,2,1,android,13,8
vivo,Vivo Y21e,12499,NO,NO,NO,snapdragon,8,2.4,5000,1,18,3,64,6.51,60,2,1,android,13,8
xiaomi,Xiaomi Redmi 9A Sport,6499,NO,NO,NO,helio,8,2,5000,0,,2,32,6.53,60,1,1,android,13,5
apple,Apple iPhone 13 Pro Max (1TB),179900,YES,YES,NO,bionic,6,3.22,4352,1,,6,1024,6.7,120,3,1,ios,12,12
vivo,Vivo Y12G (3GB RAM + 64GB),11990,NO,NO,NO,snapdragon,8,2,5000,0,,3,64,6.51,60,3,1,android,13,8
vivo,Vivo V23e,26990,NO,NO,NO,helio,8,2.05,4050,1,44,8,128,6.44,60,3,1,android,64,50
samsung,Samsung Galaxy F22 (6GB RAM + 128GB),13499,NO,NO,NO,helio,8,2,6000,0,,6,128,6.4,90,4,1,android,48,13
xiaomi,Xiaomi 12 Ultra 5G,75999,YES,YES,YES,snapdragon,8,3.2,4800,1,67,12,256,6.73,120,3,1,android,50,20
micromax,Micromax IN 2C,5999,NO,NO,NO,tiger,8,1.8,5000,0,,3,32,6.52,60,1,1,android,8,5
samsung,Samsung Galaxy A03s,8499,NO,NO,NO,helio,8,2.3,5000,1,15,3,32,6.5,60,3,1,android,13,5
oppo,OPPO A54 (4GB RAM + 128GB),11990,NO,NO,NO,helio,8,2.3,5000,1,,4,128,6.51,60,3,1,android,13,16
xiaomi,Xiaomi Redmi 20X,10990,YES,NO,YES,dimensity,8,2.2,5000,1,18,4,128,6.43,90,4,1,android,48,13
xiaomi,Xiaomi Mi Mix Fold,109990,YES,YES,YES,snapdragon,8,2.84,5020,1,67,12,256,8.01,90,3,1,android,108,20
realme,Realme Narzo 30 5G,16999,YES,YES,NO,dimensity,8,2.2,5000,1,18,6,128,6.5,90,3,1,android,48,16
oppo,OPPO A54,12199,NO,NO,NO,helio,8,2.3,5000,1,,4,64,6.51,60,3,1,android,13,16
oppo,Oppo A15s (4GB RAM + 128GB),11490,NO,NO,NO,helio,8,2.3,4230,0,,4,128,6.52,60,3,1,android,13,8
itel,itel A56,5490,NO,NO,NO,,4,1.3,4000,0,,1,16,6,60,2,1,android,8,5
xiaomi,Xiaomi Redmi 9 Power,11499,NO,NO,YES,snapdragon,8,2,6000,1,18,4,64,6.53,60,4,1,android,48,8
samsung,Samsung Galaxy S21 Plus,59450,YES,YES,NO,exynos,8,2.9,4800,1,25,8,128,6.7,120,3,1,android,64,10
poco,POCO M2 Pro,12799,NO,NO,YES,snapdragon,8,2.3,5000,1,33,4,64,6.67,60,4,1,android,48,16
samsung,Samsung Galaxy S20 Plus,83000,NO,YES,NO,exynos,8,2.73,4500,1,25,8,128,6.7,120,4,1,android,64,10
realme,Realme 6 Pro,14490,NO,NO,NO,snapdragon,8,2.3,4300,1,30,6,64,6.6,90,4,2,android,64,16
huawei,Huawei P40 Pro,82990,YES,YES,NO,kirin,8,2.86,4200,1,40,8,256,6.58,90,4,2,android,50,32
vivo,Vivo Y11 (2019),9490,NO,NO,NO,snapdragon,8,2,5000,0,,3,32,6.35,60,2,1,android,13,8
vivo,Vivo V15 Pro (8GB RAM +128GB),25000,NO,NO,NO,snapdragon,8,2,3700,1,,8,128,6.39,60,3,1,android,48,32
vivo,Vivo Y95,15000,NO,NO,NO,snapdragon,8,1.95,4030,0,,4,64,6.22,60,2,1,android,13,20
vivo,Vivo V11i,20990,NO,NO,NO,helio,8,2,3315,0,,4,128,6.3,60,2,1,android,16,25
samsung,Samsung Galaxy S9 Plus (128GB),34999,NO,YES,NO,exynos,8,2.8,3500,1,,6,128,6.2,60,2,1,android,12,8
realme,Realme GT Neo 4T,29999,YES,NO,NO,snapdragon,8,3,5000,1,120,8,128,6.73,144,3,1,android,50,16
vivo,Vivo Y53t,11999,YES,NO,NO,dimensity,8,2,6000,1,15,4,128,6.51,60,2,1,android,13,5
samsung,Samsung Galaxy A04 (4GB RAM + 128GB),12999,NO,NO,NO,helio,8,2.3,5000,1,,4,128,6.5,60,2,1,android,50,5
leitz,Leitz Phone 2,124990,YES,YES,NO,snapdragon,8,3,5000,1,,12,256,6.6,240,2,1,android,47.2,12.6
xiaomi,Xiaomi Redmi K60i,28999,YES,NO,YES,dimensity,8,3.1,5080,1,120,8,128,6.67,120,3,1,android,50,32
infinix,Infinix Hot 20S,12999,NO,NO,NO,helio,8,2.05,5000,1,18,8,128,6.78,60,2,1,android,50,8
realme,Realme GT Neo 3T (8GB RAM + 256GB),28499,YES,NO,NO,snapdragon,8,3.2,5000,1,80,8,256,6.62,120,3,1,android,64,16
apple,Apple iPhone 14 Plus (512GB),104999,YES,YES,NO,bionic,6,3.22,4325,1,,6,512,6.7,60,2,1,ios,12,12
apple,Apple iPhone 14 Pro (1TB),172999,YES,YES,NO,bionic,6,,3200,1,,6,1024,6.1,120,3,1,ios,48,12
xiaomi,Xiaomi Redmi 13 Prime 5G,17990,YES,NO,YES,snapdragon,8,2,5100,1,18,6,128,6.73,120,2,1,android,64,16
xiaomi,Xiaomi Redmi 11 Prime (6GB RAM + 128GB),13774,NO,NO,YES,helio,8,2.2,5000,1,18,6,128,6.58,90,3,1,android,50,8
nokia,Nokia C21 Plus (4GB RAM + 64GB),8999,NO,NO,NO,unisoc,8,1.6,5050,0,,4,64,6.52,60,2,1,android,13,5
oneplus,OnePlus Nord N300,18990,YES,YES,NO,dimensity,8,2.4,5000,1,33,4,64,6.56,90,2,1,android,48,16
tecno,Tecno Camon 19 Neo,14999,NO,YES,NO,helio,8,2,5000,1,18,6,128,6.8,90,3,1,android,48,32
realme,Realme Narzo 50i Prime,7999,NO,NO,NO,tiger,8,1.82,5000,1,10,3,32,6.5,60,1,1,android,8,5
xiaomi,Xiaomi Redmi K50 Ultra 5G,39999,YES,YES,YES,snapdragon,8,3.2,5000,1,120,8,128,6.67,144,3,1,android,108,20
oppo,OPPO A57 4G,11990,NO,NO,NO,helio,8,2.3,5000,1,33,3,64,6.56,60,2,1,android,13,8
infinix,Infinix Note 12 (6GB RAM + 128GB),12999,NO,NO,NO,helio,8,2,5000,1,33,6,128,6.7,60,3,1,android,50,16
samsung,Samsung Galaxy S23 FE 5G,54999,YES,YES,NO,,8,,4500,1,,8,128,6.5,60,4,1,android,64,32
samsung,Samsung Galaxy M51s 5G,24990,YES,NO,NO,,8,,6000,1,,6,128,6.7,60,3,1,android,64,32
vivo,Vivo X80 5G (12GB RAM + 256GB),59999,YES,NO,NO,dimensity,8,3.05,4500,1,80,12,256,6.78,120,3,1,android,50,32
poco,Poco X6 Pro 5G,19999,YES,NO,NO,snapdragon,8,,5000,1,,6,128,6.67,120,4,1,android,64,32
infinix,Infinix Note 12 (G96),16999,NO,NO,NO,helio,8,2.05,5000,1,33,8,128,6.7,60,3,1,android,50,16
samsung,Samsung Galaxy M14,14999,NO,NO,NO,exynos,8,,6000,0,,4,64,6.5,60,3,1,android,48,8
vivo,Vivo T2 Pro 5G,29990,YES,NO,NO,snapdragon,8,,4500,1,67,8,128,6.44,90,3,1,android,50,16
xiaomi,Xiaomi Redmi 10 Prime Plus 5G,13990,YES,NO,YES,dimensity,8,2.2,5000,1,18,4,128,6.58,90,2,1,android,50,5
xiaomi,Xiaomi Redmi Note 11 Pro 4G,17999,NO,NO,YES,helio,8,2.05,5000,1,67,6,128,6.67,120,4,1,android,108,16
realme,Realme Narzo 50A Prime,11399,NO,NO,NO,tiger,8,1.82,5000,1,18,4,64,6.6,60,3,1,android,50,8
vivo,Vivo Y55s 5G,19990,YES,NO,NO,dimensity,8,2.2,6000,1,18,8,128,6.58,60,2,1,android,50,8
vivo,Vivo Y21T,15499,NO,NO,NO,snapdragon,8,2.4,5000,1,18,4,128,6.51,90,3,1,android,50,8
gionee,Gionee K10,6999,NO,NO,NO,tiger,4,2,4800,0,,3,32,6.8,60,1,1,android,13,5
xiaomi,Xiaomi Redmi Note 10 Lite (4GB RAM + 128GB),12499,NO,NO,YES,snapdragon,8,2.3,5020,1,18,4,128,6.67,60,4,1,android,48,16
apple,Apple iPhone 13 (512GB),91999,YES,YES,NO,bionic,6,3.22,3240,1,,4,512,6.1,60,2,1,ios,12,12
infinix,Infinix Hot 11S,9690,NO,NO,NO,helio,8,2,5000,0,,4,64,6.78,90,3,1,android,50,8
realme,Realme GT Explorer Master Edition,32990,YES,YES,NO,snapdragon,8,3.2,4500,1,65,8,128,6.55,120,3,1,android,50,32
xiaomi,Xiaomi Mi 12 5G,42990,YES,YES,YES,snapdragon,8,3,4500,1,67,8,128,6.28,120,3,1,android,50,32
cat,CAT S22 Flip,14999,NO,NO,NO,snapdragon,4,1.3,2000,0,,2,16,4,60,1,1,,5,2
xiaomi,Xiaomi Mi 11 Lite (8GB RAM + 128GB),18699,NO,NO,YES,snapdragon,8,2.3,4250,1,33,8,128,6.55,90,3,1,android,64,16
realme,Realme Q3i 5G,10990,YES,NO,NO,dimensity,8,2.2,5000,1,18,4,128,6.5,60,3,1,android,48,16
xiaomi,Xiaomi Mi 11X Pro,30990,YES,NO,YES,snapdragon,8,2.84,4520,1,33,8,128,6.67,120,3,1,android,108,20
lenovo,Lenovo Legion Pro 2,59999,YES,YES,NO,snapdragon,8,2.84,5000,1,120,16,512,6.5,144,2,1,android,64,20
samsung,Samsung Galaxy M62,23999,NO,YES,NO,exynos,8,2.73,7000,1,,6,128,6.71,60,4,1,android,64,32
realme,Realme Q2i,9999,YES,NO,NO,dimensity,8,2,5000,1,18,4,128,6.5,60,3,1,android,13,8
apple,Apple iPhone 12 Pro (256GB),119900,YES,YES,NO,bionic,6,3.1,,0,,6,256,6.1,60,3,1,ios,12,12
xiaomi,Xiaomi Redmi 9i (4GB RAM + 128GB),9299,NO,NO,NO,helio,8,2,5000,1,10,4,128,6.53,60,1,1,android,13,5
realme,Realme 6 (6GB RAM + 64GB),12989,NO,NO,NO,helio,8,2.05,4300,1,30,6,64,6.5,90,4,1,android,64,16
samsung,Samsung Galaxy A01 Core,4999,NO,NO,NO,mediatek,4,1.5,3000,0,,1,16,5.3,60,1,1,android,8,5
oppo,Oppo Reno 5,29990,YES,NO,NO,snapdragon,8,2.4,4300,1,65,8,128,6.43,60,4,1,android,64,32
oppo,Oppo A31 2020 (6GB RAM + 128GB),12490,NO,NO,NO,helio,8,2.3,4230,0,,6,128,6.5,60,3,1,android,12,8
sony,Sony Xperia 10 II,27999,NO,YES,NO,snapdragon,8,2,3600,1,18,4,128,6,90,3,1,android,12,8
vivo,Vivo Y91c,8199,NO,NO,NO,helio,8,2,4030,0,,2,32,6.22,60,1,1,android,13,5
huawei,Huawei Nova 7i,21990,NO,NO,NO,kirin,8,2.2,4200,1,40,8,128,6.4,60,4,1,android,48,16
vivo,Vivo Y19,20000,NO,NO,NO,helio,8,2,5000,1,18,4,128,6.53,60,3,1,android,16,16
vivo,Vivo U3 (6GB RAM + 64GB),11990,NO,NO,NO,snapdragon,8,2,5000,1,18,6,64,6.53,60,3,1,android,16,16
xiaomi,Xiaomi Redmi Note 9,11989,NO,NO,YES,helio,8,2,5020,1,22,4,64,6.53,60,4,1,android,48,13
xiaomi,Xiaomi Redmi 8 (4GB RAM + 64GB),11490,NO,NO,YES,snapdragon,8,2,5000,1,18,4,64,6.22,60,2,1,android,12,8
motorola,Motorola One Macro,11490,NO,NO,NO,helio,8,2,4000,1,10,4,64,6.2,60,3,1,android,13,8
google,Google Pixel 3a XL,15999,NO,YES,NO,snapdragon,8,2,3700,1,18,4,64,6,60,1,1,android,12.2,8
samsung,Samsung Galaxy A40,17990,NO,NO,NO,exynos,8,2.2,3100,1,15,4,64,5.9,60,2,1,android,16,25
samsung,Samsung Galaxy S10 5G,78990,YES,YES,NO,exynos,8,2.7,4500,1,25,8,256,6.7,60,3,1,android,16,10
huawei,Huawei Honor 9N,10949,NO,NO,NO,kirin,8,2.36,3000,0,,4,64,5.84,60,2,1,android,13,16
xiaomi,Xiaomi Redmi Note 4,10300,NO,NO,NO,snapdragon,8,2,4100,0,,4,64,5.5,60,1,1,android,13,5
doogee,Doogee V Max,45999,YES,NO,NO,dimensity,8,2.6,22000,1,33,12,256,6.58,120,3,1,android,108,32
huawei,Huawei Nova Y61,21990,NO,NO,NO,,8,,5000,1,22,4,64,6.52,60,3,1,other,50,5
iqoo,iQOO Z9,19990,YES,NO,NO,snapdragon,8,,5000,1,45,8,128,6.67,120,3,1,android,64,16
vivo,Vivo V29,32990,YES,NO,NO,snapdragon,8,2.4,5000,1,80,8,256,6.67,120,3,1,android,64,32
poco,Poco M5 (6GB RAM + 128GB),14499,NO,NO,YES,helio,8,2.2,5000,1,18,6,128,6.58,90,3,1,android,50,8
nokia,Nokia X30,41990,YES,YES,NO,snapdragon,8,2.2,4200,1,33,6,128,6.43,90,2,1,android,50,16
tecno,Tecno Pova Neo 2,13990,NO,NO,NO,helio,8,2,7000,0,,6,128,6.82,90,2,1,android,16,8
vivo,Vivo Y15C (3GB RAM + 64GB),10490,NO,NO,NO,helio,8,2.3,5000,0,,3,64,6.51,60,2,1,android,13,8
huawei,Huawei Nova 10,29990,NO,NO,NO,snapdragon,8,2.4,4000,1,66,8,128,6.67,120,3,1,other,50,60
huawei,Huawei Nova Y90,22990,NO,YES,NO,snapdragon,8,2.4,5000,1,40,8,128,6.7,90,4,1,other,50,8
samsung,Samsung Galaxy A92 5G,47990,YES,NO,NO,dimensity,8,3,5000,1,,8,128,6.7,60,3,1,android,48,16
infinix,Infinix Note 12 VIP,19999,NO,NO,NO,helio,8,2.05,4500,1,120,8,128,6.7,120,3,1,android,108,16
oneplus,OnePlus Nord 4 5G,29999,YES,YES,NO,snapdragon,8,2.36,4500,1,80,8,128,6.43,120,3,1,android,50,32
realme,Realme Narzo 50A Prime (4GB RAM + 128GB),11879,NO,NO,NO,tiger,8,1.82,5000,1,18,4,128,6.6,60,3,1,android,50,8
oneplus,OnePlus Ace 5G,28990,YES,YES,NO,dimensity,8,2.85,4500,1,150,8,128,6.7,120,3,1,android,50,16
iqoo,iQOO 9 5G (12GB RAM + 256GB),39990,YES,NO,NO,snapdragon,8,2.9,4350,1,120,12,256,6.56,120,3,1,android,48,16
xiaomi,Xiaomi Redmi Note 12T 5G,15999,YES,NO,YES,dimensity,8,2,5000,1,33,6,64,6.52,90,3,1,android,64,16
oppo,Oppo A96 5G,22990,YES,NO,NO,snapdragon,8,2.2,4500,1,33,8,256,6.43,60,2,1,android,48,16
royole,Royole FlexPai 3 5G,149999,YES,NO,NO,snapdragon,8,2.84,3360,0,,8,128,7.2,60,3,1,,64,32
tecno,Tecno Camon 18,11499,NO,YES,NO,helio,8,2,5000,1,18,4,128,6.8,90,3,1,android,48,16
tecno,Tecno Phantom X Pro,22999,NO,NO,NO,helio,8,2.05,5000,1,44,8,256,6.7,120,4,2,android,50,48
tecno,Tecno Spark 8T,7999,NO,NO,NO,helio,8,2.3,5000,0,,4,64,6.6,60,2,1,android,50,8
realme,Realme GT Neo2 5G,31999,YES,YES,NO,snapdragon,8,3.2,5000,1,65,8,128,6.62,120,3,1,android,64,16
sony,Sony Xperia 10 III Lite 5G,30990,YES,YES,NO,snapdragon,8,2,4500,1,30,6,64,6,60,3,1,android,12,8
realme,Realme G1,7999,NO,NO,NO,helio,8,2.3,6000,0,,3,32,6.52,60,3,1,android,13,5
tecno,Tecno Pova 2,10999,NO,NO,NO,helio,8,2,7000,1,18,4,64,6.95,60,4,1,android,48,8
poco,Poco X4,14990,YES,NO,NO,dimensity,8,2.2,5000,1,67,6,128,6.67,120,3,1,android,50,16
motorola,Motorola Moto G40 Fusion,14499,NO,NO,NO,snapdragon,8,2.3,6000,1,20,4,64,6.78,120,3,1,android,64,16
oneplus,OnePlus 9T,44999,YES,YES,NO,snapdragon,8,2.84,4500,1,65,8,128,6.55,120,4,1,android,108,16
realme,Realme 8 (8GB RAM + 128GB),17999,NO,NO,NO,helio,8,2,5000,1,30,8,128,6.4,60,4,1,android,64,16
realme,Realme Narzo 30 Pro 5G (8GB RAM +128GB),19999,YES,NO,NO,dimensity,8,2.4,5000,1,30,8,128,6.5,120,3,1,android,48,16
itel,Itel A23 Pro,3999,NO,NO,NO,spreadtrum,4,1.4,2400,0,,1,8,5,60,1,1,android,5,2
samsung,Samsung Galaxy S21 Ultra 5G (12GB RAM + 128GB),101999,YES,YES,NO,exynos,8,2.9,5000,1,25,12,128,6.8,120,4,1,android,108,40
oppo,Oppo Reno 5 Pro 5G,38700,YES,NO,NO,dimensity,8,2.6,4350,1,65,8,128,6.53,90,4,1,android,64,32
oneplus,OnePlus Nord SE,19999,NO,NO,NO,snapdragon,8,2,4500,1,65,4,64,6.3,60,4,1,android,48,13
samsung,Samsung Galaxy M12,10999,NO,NO,NO,exynos,8,2,6000,1,15,4,64,6.5,90,4,1,android,48,8
oneplus,OnePlus Nord N100,16990,NO,NO,NO,snapdragon,8,1.8,5000,1,18,4,64,6.52,90,3,1,android,13,8
apple,Apple iPhone 12 Mini (256GB),55999,YES,YES,NO,bionic,6,3.1,,0,,4,256,5.4,60,2,1,ios,12,12
apple,Apple iPhone 12 (256GB),67999,YES,YES,NO,bionic,6,3.1,,0,,4,256,6.1,60,2,1,ios,12,12
oppo,OPPO A15,9999,NO,NO,NO,helio,8,2.3,4230,0,,3,32,6.52,60,3,1,android,13,5
xiaomi,Xiaomi Redmi Note 9 Pro (4GB RAM + 128GB),14439,NO,NO,YES,snapdragon,8,2.3,5020,1,18,4,128,6.67,60,4,1,android,48,16
oppo,Oppo A12,9990,NO,NO,NO,helio,8,1.8,4230,0,,3,32,6.22,60,2,1,android,13,5
realme,Realme X50 Pro 5G (8GB RAM + 128GB),24999,YES,YES,NO,snapdragon,8,2.84,4200,1,65,8,128,6.44,90,4,2,android,64,32
samsung,Samsung Galaxy S20 Plus 5G,85990,YES,YES,NO,exynos,8,2.73,4500,1,25,8,128,6.7,60,4,1,android,64,10
xiaomi,Xiaomi Redmi K20 Pro Signature Edition,480000,NO,YES,NO,snapdragon,8,2.8,4000,1,27,8,256,6.39,60,3,1,android,48,20
xiaomi,Xiaomi Redmi Note 8 Pro,16999,NO,NO,YES,helio,8,2.05,4500,1,18,6,64,6.53,60,4,1,android,64,20
realme,Realme A1,8999,NO,NO,NO,helio,8,2.1,4000,0,,2,16,6.2,60,2,1,android,13,8
oppo,OPPO A73,15990,NO,NO,NO,helio,8,2.5,3200,0,,3,32,6,60,1,1,android,13,16
lyf,Lyf Earth 2,3890,NO,NO,NO,snapdragon,8,1.5,2500,0,,3,32,5,60,1,1,android,13,13
apple,Apple iPhone 15 Plus,84990,YES,YES,NO,bionic,6,,4532,1,,8,128,6.71,120,2,1,ios,12,12
vivo,Vivo Y55s 2023,21999,YES,YES,NO,dimensity,8,2.2,5000,1,18,4,128,6.58,60,3,1,android,50,8
lava,Lava Blaze NXT,8999,NO,NO,NO,helio,8,2.3,5000,0,,4,64,6.5,60,3,1,android,13,8
tecno,Tecno Camon 20 Premier,20999,YES,YES,NO,dimensity,8,2.2,5000,1,33,6,128,6.83,120,3,1,android,50,16
oppo,OPPO Reno 8 House of Dragon Edition,32990,YES,YES,NO,dimensity,8,3,4500,1,80,8,128,6.43,90,3,1,android,50,32
motorola,Motorola Moto E22s,9022,NO,NO,NO,helio,8,2.3,5000,1,10,4,64,6.5,90,2,1,android,16,8
xiaomi,Xiaomi Redmi A1 Plus (3GB RAM + 32GB),8399,NO,NO,NO,helio,4,2,5000,1,10,3,32,6.52,60,2,1,android,8,5
infinix,Infinix Hot 20i,9999,NO,NO,NO,helio,8,2,5000,0,,3,64,6.6,60,2,1,android,13,8
tecno,Tecno Spark 9 (3GB RAM + 64GB),8390,NO,NO,NO,helio,8,2.3,5000,0,,3,64,6.6,90,2,1,android,13,8
zte,ZTE Axon 30S,19999,YES,YES,NO,snapdragon,8,3.2,4200,1,55,6,128,6.9,120,4,1,android,50,16
honor,Honor X6,13999,NO,NO,NO,helio,8,2,5000,1,10,4,64,6.5,60,3,1,android,50,5
xiaomi,Xiaomi Civi 2,29999,YES,YES,YES,snapdragon,8,2.4,4500,1,67,8,128,6.55,120,3,2,android,50,32
tcl,TCL Ion X,8990,NO,NO,NO,helio,8,2,3000,1,10,3,32,6,60,1,1,android,13,5
samsung,Samsung Galaxy Z Fold 4 (12GB RAM + 1TB),163980,YES,YES,NO,snapdragon,8,3.2,4400,1,25,12,1024,7.6,120,3,2,android,50,10
nothing,Nothing Phone 1 Lite,24990,YES,YES,NO,snapdragon,8,2.5,5000,1,33,6,128,6.55,120,2,1,android,50,16
motorola,Motorola Moto Edge X30 Pro,59990,YES,YES,NO,snapdragon,8,3.2,4450,1,125,8,128,6.67,144,3,1,android,200,60
oneplus,OnePlus Ace Pro,47990,YES,YES,NO,snapdragon,8,3.2,4800,1,150,12,256,6.7,120,3,1,android,50,16
realme,Realme GT 2 Explorer Master Edition,40990,YES,YES,NO,snapdragon,8,3.2,5000,1,100,8,128,6.7,120,3,1,android,50,16
samsung,Samsung Galaxy M35,22999,NO,YES,NO,,8,,6000,1,,8,128,6.5,60,3,1,android,64,32
samsung,Samsung Galaxy A05,12990,NO,NO,NO,,8,,5000,1,18,4,64,6.5,60,2,1,android,48,5
infinix,Infinix Note 12 Turbo,14999,NO,NO,NO,helio,8,2,5000,1,33,8,128,6.7,60,3,1,android,50,16
poco,POCO F5 GT 5G,42999,YES,YES,YES,dimensity,8,3,4500,1,150,8,128,6.67,120,3,1,android,64,20
iqoo,iQOO Z8 5G,14999,YES,NO,NO,snapdragon,8,2.2,5000,1,18,4,128,6.58,120,3,1,android,50,16
vivo,Vivo Y55 4G,22990,NO,NO,NO,snapdragon,8,2.4,5000,1,44,8,128,6.44,120,3,1,android,50,16
vivo,Vivo X Fold 5G (12GB RAM + 512GB),118990,YES,YES,NO,snapdragon,8,3,4600,1,66,12,512,8.03,120,4,1,android,50,16
oppo,Oppo K10 Pro 5G,29990,YES,NO,NO,snapdragon,8,2.84,5000,1,80,8,128,6.62,120,3,1,android,50,16
tecno,Tecno Spark 8C,7399,NO,NO,NO,unisoc,8,2,5000,0,,3,64,6.6,90,2,1,android,13,8
iqoo,iQOO Z7 5G,17999,YES,NO,NO,snapdragon,8,2.2,4200,1,55,8,128,6.67,120,3,1,android,50,16
infinix,Infinix Note 11 (6GB RAM + 128GB),12799,NO,NO,NO,helio,8,2,5000,1,33,6,128,6.7,60,3,1,android,50,16
xiaomi,Xiaomi 11i HyperCharge 5G (8GB RAM + 128GB),26999,YES,NO,YES,dimensity,8,2.5,4500,1,120,8,128,6.67,120,3,1,android,108,16
samsung,Samsung Galaxy F42 5G (8GB RAM + 128GB),22999,YES,NO,NO,dimensity,8,2.2,5000,1,15,8,128,6.6,90,3,1,android,64,8
apple,Apple iPhone 13 Pro (1TB),147900,YES,YES,NO,bionic,6,3.22,3095,1,,6,1024,6.1,120,3,1,ios,12,12
nubia,Nubia Red Magic 6S 5G,44999,YES,YES,NO,snapdragon,8,2.9,5050,1,30,8,128,6.8,165,3,1,android,64,8
micromax,Micromax IN 2B (6GB RAM + 64GB),7790,NO,NO,NO,unisoc,8,1.8,5000,0,,6,64,6.52,60,2,1,android,13,5
nokia,Nokia X60 5G,39990,YES,NO,NO,snapdragon,8,3.2,6000,1,33,6,128,6.51,144,4,1,other,200,16
vivo,Vivo Y12a,9999,NO,NO,NO,snapdragon,8,2,5000,0,,3,32,6.51,60,2,1,android,13,8
oppo,Oppo Reno 5A,22990,YES,NO,NO,snapdragon,8,2.4,4000,1,18,6,128,6.5,90,4,1,android,64,16
poco,Poco F3 GT,32999,YES,NO,YES,dimensity,8,3,5065,1,67,6,128,6.67,120,3,1,android,64,16
honor,Honor 50,32990,YES,YES,NO,snapdragon,8,2.4,4300,1,66,6,128,6.57,120,4,1,android,108,32
oppo,OPPO A54 (6GB RAM + 128GB),14999,NO,NO,NO,helio,8,2.3,5000,1,,6,128,6.51,60,3,1,android,13,16
realme,Realme 8i,12499,NO,NO,NO,helio,8,2.05,5000,1,18,4,64,6.6,120,3,1,android,50,16
iqoo,iQOO 7 Legend,39990,YES,YES,NO,snapdragon,8,2.84,4000,1,66,8,128,6.62,120,3,1,android,48,16
realme,Realme C11 2021,6499,NO,NO,NO,sc9863a,8,1.6,5000,0,,2,32,6.52,60,1,1,android,8,5
samsung,Samsung Galaxy A22,18499,NO,NO,NO,helio,8,2,5000,1,15,6,128,6.4,60,4,1,android,48,13
realme,Realme GT 5G,30994,YES,YES,NO,snapdragon,8,2.84,4500,1,65,8,128,6.43,120,3,1,android,64,16
google,Google Pixel 5A,32999,YES,YES,NO,snapdragon,8,2.4,4620,1,18,6,128,6.34,60,2,1,android,16,8
samsung,Samsung Galaxy F12,10499,NO,NO,NO,exynos,8,2,6000,1,15,4,64,6.5,90,4,1,android,48,8
samsung,Samsung Galaxy F41 (6GB RAM + 128GB),19999,NO,NO,NO,exynos,8,2.3,6000,1,15,6,128,6.4,60,3,1,android,64,32
samsung,Samsung Galaxy A21s (6GB RAM + 128GB),17499,NO,NO,NO,exynos,8,2,5000,0,,6,128,6.5,60,4,1,android,48,13
xiaomi,Xiaomi Redmi 9A (6GB RAM + 128GB),10990,NO,NO,NO,helio,8,2,5000,0,,6,128,6.53,60,1,1,android,13,5
vivo,Vivo V20 SE,19000,NO,NO,NO,snapdragon,8,2,4100,1,33,8,128,6.44,60,3,1,android,48,32
oppo,OPPO A53 2020 (6GB RAM + 128GB),13990,NO,NO,NO,snapdragon,8,1.8,5000,1,18,6,128,6.5,90,3,1,android,13,16
realme,Realme Narzo 20,10499,NO,NO,NO,helio,8,2,6000,1,18,4,64,6.5,60,3,1,android,48,8
itel,itel Vision 1 (3GB RAM + 32GB),5890,NO,NO,NO,unisoc,8,1.6,4000,0,,3,32,6.09,60,2,1,android,8,5
realme,Realme C11,6490,NO,NO,NO,helio,8,2.3,5000,0,,2,32,6.5,60,2,1,android,13,5
xiaomi,Xiaomi Mi 10 5G (8GB RAM + 256GB),54999,YES,YES,YES,snapdragon,8,2.84,4780,1,30,8,256,6.67,90,4,1,android,108,20
vivo,Vivo Y21 (2020),9990,NO,NO,NO,snapdragon,8,1.8,5000,0,,4,64,6.5,60,2,1,android,13,13
oneplus,OnePlus Z,24999,NO,NO,NO,snapdragon,8,2.4,4300,1,30,8,128,6.55,90,3,1,android,64,16
sharp,Sharp Aquos R5G,59990,NO,YES,NO,snapdragon,8,2.84,3730,1,,12,256,6.5,60,3,1,android,48,16
huawei,Huawei Mate 30 RS Porsche Design,214990,YES,YES,YES,kirin,8,2.86,4500,1,,12,512,6.53,60,4,2,android,40,32
samsung,Samsung Galaxy A11,9990,NO,NO,NO,,8,1.8,4000,1,15,2,32,6.4,60,3,1,android,13,8
realme,Realme C2,6999,NO,NO,NO,helio,8,2,4000,0,,2,16,6.1,60,2,1,android,13,5
huawei,Huawei Mate X,169000,YES,YES,YES,kirin,8,2.86,4500,1,55,8,512,8,60,4,,,48,
samsung,Samsung Galaxy A9 Pro (2019),39990,NO,YES,NO,snapdragon,8,2.2,3400,1,,6,128,6.4,60,3,1,android,24,24
samsung,Samsung Galaxy A7 (2018),21490,NO,NO,NO,exynos,8,2.2,3300,0,,4,64,6,60,3,1,android,24,24
vivo,Vivo Y55S,13490,NO,NO,NO,snapdragon,4,1.2,2730,0,,3,16,5.2,60,1,1,android,13,5
poco,Poco C55,7999,NO,NO,NO,helio,8,2,5000,0,,4,64,6.71,60,2,1,android,50,5
blackview,Blackview BV5200 Pro,8990,YES,YES,NO,helio,8,2.3,5180,1,10,4,64,6.1,60,2,1,android,13,8
honor,Honor X7a,13999,NO,NO,NO,helio,8,2.3,5000,1,22,6,128,6.75,90,4,1,android,50,8
oppo,OPPO A58x,13990,YES,NO,NO,dimensity,8,2.2,5000,1,10,6,128,6.56,90,2,1,android,13,8
doogee,Doogee S99,14999,NO,YES,NO,helio,8,2.05,6000,1,33,8,128,6.3,60,3,1,android,108,32
lava,Lava X3,6999,NO,NO,NO,helio,4,2,4000,0,,3,32,6.5,60,2,1,android,8,5
motorola,Motorola Edge 40 Fusion,42990,YES,YES,NO,snapdragon,8,3.2,4500,1,68,8,128,6.67,144,3,1,android,50,32
ikall,iKall Z18,6799,NO,NO,NO,,4,1.3,5000,0,,4,64,6.82,60,1,1,android,20,13
oukitel,Oukitel WP9,25899,NO,YES,NO,helio,8,2,8000,0,,6,128,5.86,60,3,1,android,16,8
xiaomi,Xiaomi 14,54999,YES,YES,YES,snapdragon,8,3.2,5000,1,67,12,256,6.43,120,3,1,android,50,32
motorola,Motorola ThinkPhone,49990,YES,YES,NO,snapdragon,8,3.2,5000,1,68,8,128,6.6,144,3,2,android,50,32
xiaomi,Xiaomi Civi 3,32990,YES,YES,YES,dimensity,8,3.1,5000,1,80,8,256,6.7,120,3,2,android,64,32
realme,Realme Narzo 50i Prime (4GB RAM + 64GB),8720,NO,NO,NO,tiger,8,1.82,5000,1,10,4,64,6.5,60,1,1,android,8,5
oppo,Oppo Find X6,69990,YES,YES,NO,snapdragon,8,3.2,4700,1,120,8,256,6.73,120,3,1,android,50,32
itel,itel A23s,4787,NO,NO,NO,spreadtrum,4,1.4,3020,0,,2,32,5,60,1,,android,2,
google,Google Pixel 8 Pro,70990,YES,YES,NO,google,8,,5000,1,67,12,256,6.73,120,3,1,android,50,12
vivo,Vivo X Fold 2,119990,YES,YES,NO,snapdragon,8,3.2,4800,1,66,12,256,8.03,120,3,1,android,50,32
motorola,Motorola Moto Edge S30 Pro,34990,YES,NO,NO,snapdragon,8,3,5000,1,68,8,128,6.67,120,3,1,android,64,16
honor,Honor X8 5G,14990,YES,NO,NO,snapdragon,8,2.2,5000,1,22,6,128,6.5,60,3,1,android,48,8
poco,POCO X4 GT 5G (8GB RAM + 256GB),28990,YES,YES,YES,dimensity,8,2.85,5080,1,67,8,256,6.6,144,3,1,android,64,16
motorola,Motorola Moto G91 5G,19990,YES,YES,NO,snapdragon,8,2.2,5000,1,,6,128,6.8,60,3,1,android,108,32
samsung,Samsung Galaxy M52s 5G,24990,YES,NO,NO,,8,,5000,1,,8,128,6.5,60,3,1,android,64,32
